movie_id,title,year,runtime,vote_average,vote_count,budget,revenue,original_language,decade
100,"Lock, Stock and Two Smoking Barrels",1998,105,8.097,7279,1350000.0,28356188.0,en,1990
10014,A Nightmare on Elm Street Part 2: Freddy's Revenge,1985,87,5.8,2141,3000000.0,30000121.0,en,1980
10020,Beauty and the Beast,1991,84,7.726,10772,25000000.0,424967620.0,en,1990
100402,Captain America: The Winter Soldier,2014,136,7.655,20180,170000000.0,714766572.0,en,2010
10072,A Nightmare on Elm Street 3: Dream Warriors,1987,96,6.717,2065,4450000.0,44793222.0,en,1980
101,Léon: The Professional,1994,111,8.294,16277,16000000.0,20330788.0,fr,1990
10110,Empire of the Sun,1987,153,7.516,2162,35000000.0,66700000.0,en,1980
10112,The Aristocats,1970,78,7.304,5409,4000000.0,191000000.0,en,1970
101299,The Hunger Games: Catching Fire,2013,146,7.4,18582,130000000.0,865011746.0,en,2010
10137,Stuart Little,1999,84,6.082,4699,133000000.0,300135367.0,en,1990
10138,Iron Man 2,2010,124,6.855,22579,200000000.0,623933331.0,en,2010
10144,The Little Mermaid,1989,83,7.352,8470,40000000.0,211343479.0,en,1980
10157,Police Academy 2: Their First Assignment,1985,87,6.099,1748,7600000.0,55600000.0,en,1980
1018,Mulholland Drive,2001,147,7.799,7137,15000000.0,20289986.0,en,2000
10191,How to Train Your Dragon,2010,98,7.864,14523,165000000.0,495141736.0,en,2010
10192,Shrek Forever After,2010,93,6.409,8040,165000000.0,752600867.0,en,2010
10193,Toy Story 3,2010,103,7.813,15974,200000000.0,1067316101.0,en,2010
10195,Thor,2011,115,6.771,22512,150000000.0,449326618.0,en,2010
10201,Yes Man,2008,104,6.693,7469,70000000.0,223200000.0,en,2000
10227,PlayTime,1967,115,7.7,677,,,fr,1960
10238,Cries and Whispers,1972,95,7.9,787,400000.0,,sv,1970
102382,The Amazing Spider-Man 2,2014,141,6.548,14422,200000000.0,716934779.0,en,2010
10242,What Ever Happened to Baby Jane?,1962,135,7.895,1175,980000.0,,en,1960
10243,The Flight of the Phoenix,1965,142,7.225,376,5355000.0,,en,1960
10246,Porky's,1981,94,6.407,979,4000000.0,159989673.0,en,1980
102651,Maleficent,2014,97,7.088,13821,180000000.0,758539785.0,en,2010
102899,Ant-Man,2015,117,7.067,21006,130000000.0,519311965.0,en,2010
103,Taxi Driver,1976,114,8.124,13588,1900000.0,28579636.0,en,1970
10322,Being There,1979,130,7.6,1143,,30177511.0,en,1970
10331,Night of the Living Dead,1968,96,7.607,2775,114000.0,30236452.0,en,1960
10363,Purple Noon,1960,118,7.6,608,,,fr,1960
10386,The Iron Giant,1999,86,7.961,6255,50000000.0,23300000.0,en,1990
1040,The Leopard,1963,186,7.718,960,,,it,1960
10439,Hocus Pocus,1993,96,7.04,3328,28000000.0,51663767.0,en,1990
10489,Cujo,1983,93,6.179,1147,5000000.0,21200000.0,en,1980
105,Back to the Future,1985,116,8.327,22048,19000000.0,381109762.0,en,1980
1051,The French Connection,1971,104,7.496,2162,1800000.0,41200000.0,en,1970
10514,The Andromeda Strain,1971,131,7.054,813,6500000.0,12376563.0,en,1970
10515,Castle in the Sky,1986,125,7.97,4731,3000000.0,5228752.0,ja,1980
10518,Marathon Man,1976,126,7.2,1241,6500000.0,21709020.0,en,1970
1052,Blow-Up,1966,111,7.317,1381,1800000.0,,en,1960
10527,Madagascar: Escape 2 Africa,2008,89,6.528,7501,150000000.0,603900354.0,en,2000
10528,Sherlock Holmes,2009,129,7.222,14885,90000000.0,524028679.0,en,2000
10530,Pocahontas,1995,81,6.915,6125,55000000.0,346079773.0,en,1990
10536,The Italian Job,1969,100,6.933,876,3000000.0,,en,1960
10537,The Doors,1991,140,7.107,1622,38000000.0,34416893.0,en,1990
10545,The Hunchback of Notre Dame,1996,91,7.133,5412,100000000.0,325300000.0,en,1990
10585,Child's Play,1988,87,6.764,3410,9000000.0,44196684.0,en,1980
106,Predator,1987,107,7.573,9306,15000000.0,98267558.0,en,1980
10625,Mean Girls,2004,97,7.2,9551,17000000.0,130195052.0,en,2000
10633,In the Heat of the Night,1967,109,7.677,1261,2000000.0,27379978.0,en,1960
10648,Magnum Force,1973,124,7.114,1221,,39768000.0,en,1970
10649,The Enforcer,1976,96,6.722,999,9000000.0,46236000.0,en,1970
10650,Sudden Impact,1983,117,6.549,1020,22000000.0,150000000.0,en,1980
106646,The Wolf of Wall Street,2013,180,8.028,26182,100000000.0,407038432.0,en,2010
10669,Deliverance,1972,109,7.316,1831,2000000.0,46122355.0,en,1970
10671,Airport,1970,137,6.473,455,10000000.0,100489151.0,en,1970
10673,Wall Street,1987,126,7.165,2280,15000000.0,43900000.0,en,1980
10674,Mulan,1998,88,7.905,10546,90000000.0,304320254.0,en,1990
10676,Halloween III: Season of the Witch,1982,98,5.24,1561,2500000.0,14402425.0,en,1980
10681,WALL·E,2008,98,8.118,20536,180000000.0,521311860.0,en,2000
107,Snatch,2000,103,7.827,10100,100000000.0,83557872.0,en,2000
10730,King Kong,1976,134,6.3,931,23000000.0,90614445.0,en,1970
10734,Escape from Alcatraz,1979,113,7.505,3216,8000000.0,43004381.0,en,1970
10747,The Outlaw Josey Wales,1976,135,7.5,1311,3700000.0,31800000.0,en,1970
10764,Quantum of Solace,2008,106,6.339,8638,200000000.0,589593688.0,en,2000
10766,Damien - Omen II,1978,107,6.416,832,6800000.0,26518355.0,en,1970
10772,Django,1966,93,7.2,1012,,17277.0,it,1960
10774,Network,1976,122,7.8,2059,3800000.0,23700000.0,en,1970
10776,Little Shop of Horrors,1986,94,6.979,1655,25000000.0,53964308.0,en,1980
10784,Cabaret,1972,124,7.427,991,4600000.0,42800000.0,en,1970
10794,The Party,1968,99,7.297,870,1500000.0,2900000.0,en,1960
10803,Logan's Run,1976,118,6.62,1054,9000000.0,25000000.0,en,1970
10830,Matilda,1996,98,7.18,4863,36000000.0,33500000.0,en,1990
10843,After Hours,1985,97,7.49,1779,4500000.0,10609321.0,en,1980
1089,Point Break,1991,122,7.154,4046,24000000.0,83531958.0,en,1990
10890,Stripes,1981,106,6.565,1049,10000000.0,85297000.0,en,1980
1091,The Thing,1982,109,8.1,8074,15000000.0,19629760.0,en,1980
10911,The Guns of Navarone,1961,160,7.294,881,6000000.0,28900000.0,en,1960
10925,The Return of the Living Dead,1985,91,7.2,2322,4000000.0,14241310.0,en,1980
109445,Frozen,2013,102,7.25,17706,150000000.0,1274219009.0,en,2010
10948,The Fox and the Hound,1981,82,7.165,3541,12000000.0,29800000.0,en,1980
10999,Commando,1985,90,6.706,3186,10000000.0,57500000.0,en,1980
11,Star Wars,1977,121,8.206,22552,11000000.0,775398007.0,en,1970
11005,Awakenings,1990,120,7.785,2902,31000000.0,52096475.0,en,1990
11006,Smokey and the Bandit,1977,96,7.0,822,4300000.0,126700000.0,en,1970
11009,Saturday Night Fever,1977,118,6.736,2106,3500000.0,237113184.0,en,1970
11020,Picnic at Hanging Rock,1975,107,7.2,894,460000.0,5125000.0,en,1970
1103,Escape from New York,1981,99,7.05,3564,6000000.0,50244700.0,en,1980
11031,This Is Spinal Tap,1984,82,7.404,1655,2500000.0,6051884.0,en,1980
11033,Dressed to Kill,1980,105,6.958,1129,6500000.0,31899000.0,en,1980
11036,The Notebook,2004,123,7.891,12690,29000000.0,115600000.0,en,2000
11040,Little Big Man,1970,139,7.442,727,15000000.0,31559552.0,en,1970
11046,Where Eagles Dare,1968,155,7.502,1004,7700000.0,21000000.0,en,1960
11047,Asterix the Gaul,1967,68,6.5,812,,1325312.0,fr,1960
11072,Blazing Saddles,1974,93,7.245,2107,2600000.0,119500000.0,en,1970
111,Scarface,1983,170,8.155,13211,25000000.0,66023329.0,en,1980
11113,My Fair Lady,1964,173,7.496,1446,17000000.0,72661442.0,en,1960
11114,Pete's Dragon,1977,128,6.309,725,10000000.0,,en,1970
11153,National Lampoon's Vacation,1983,99,7.104,1762,15000000.0,61418063.0,en,1980
11163,Satyricon,1969,129,6.698,364,3000000.0,,it,1960
11165,Tora! Tora! Tora!,1970,144,7.175,608,25485000.0,37150000.0,en,1970
11167,Peeping Tom,1960,101,7.5,914,150000.0,83957.0,en,1960
11183,French Fried Vacation,1978,105,6.599,954,,,fr,1970
11187,Child's Play 3,1991,90,5.901,1772,13000000.0,20560255.0,en,1990
11202,Patton,1970,172,7.462,1228,12000000.0,89800000.0,en,1970
11206,Wait Until Dark,1967,108,7.3,603,4000000.0,11000000.0,en,1960
11216,Cinema Paradiso,1988,124,8.43,4895,5000000.0,35962062.0,it,1980
11230,Drunken Master,1978,111,7.382,1142,,16483650.0,cn,1970
1124,The Prestige,2006,130,8.21,17815,40000000.0,109676311.0,en,2000
11281,Halloween II,1981,92,6.59,2278,2500000.0,25533818.0,en,1980
11302,Bananas,1971,82,6.673,834,2000000.0,11833696.0,en,1970
11319,The Rescuers,1977,78,6.791,2702,7500000.0,169015869.0,en,1970
11321,Seven Pounds,2008,123,7.601,7309,55000000.0,168167691.0,en,2000
11324,Shutter Island,2010,138,8.2,26106,80000000.0,294804195.0,en,2010
11327,Midnight Express,1978,121,7.445,1915,2300000.0,35000000.0,en,1970
11336,The Dead Zone,1983,103,7.009,1853,10000000.0,20766616.0,en,1980
11349,Cape Fear,1962,106,7.458,642,35000000.0,103000000.0,en,1960
11356,The Odd Couple,1968,106,7.417,658,1200000.0,44527234.0,en,1960
11357,Halloween 4: The Return of Michael Myers,1988,88,6.171,2080,5000000.0,17768757.0,en,1980
114,Pretty Woman,1990,120,7.446,9064,14000000.0,463406268.0,en,1990
11416,The Mission,1986,125,7.4,1566,24500000.0,17200000.0,en,1980
11449,The Amityville Horror,1979,118,6.28,1054,4700000.0,86432488.0,en,1970
11463,Battle of Britain,1969,132,6.843,354,12000000.0,,en,1960
11474,The Warriors,1979,94,7.681,2411,4000000.0,22490039.0,en,1970
11481,Repulsion,1965,105,7.367,1118,300000.0,3100000.0,en,1960
11482,The Tenant,1976,126,7.6,1248,,5100000.0,en,1970
11484,Rollerball,1975,125,6.288,623,6000000.0,30000000.0,en,1970
11485,Take the Money and Run,1969,85,7.133,799,1530000.0,6080000.0,en,1960
115,The Big Lebowski,1998,117,7.835,12311,15000000.0,47010480.0,en,1990
11527,Excalibur,1981,141,7.0,1169,11000000.0,35000000.0,en,1980
11533,Jason and the Argonauts,1963,104,7.174,706,3000000.0,2100000.0,en,1960
11536,The Misfits,1961,124,6.979,438,4000000.0,8200000.0,en,1960
11542,Altered States,1980,103,6.716,776,15000000.0,19853892.0,en,1980
11544,Lilo & Stitch,2002,85,7.562,7155,80000000.0,273144151.0,en,2000
11575,The Great Race,1965,160,7.094,378,12000000.0,25300000.0,en,1960
11576,"It's a Mad, Mad, Mad, Mad World",1963,192,6.982,699,9400000.0,60000000.0,en,1960
11586,Exorcist II: The Heretic,1977,118,4.543,805,14000000.0,30749142.0,en,1970
11589,Kelly's Heroes,1970,144,7.382,831,4000000.0,5200000.0,en,1970
11602,Through a Glass Darkly,1961,91,7.8,545,,8939.0,sv,1960
11610,"Play It Again, Sam",1972,85,7.464,654,,,en,1970
11621,Porco Rosso,1992,93,7.797,3757,9200000.0,44600000.0,ja,1990
11624,Everything You Always Wanted to Know About Sex *But Were Afraid to Ask,1972,88,6.526,1005,2000000.0,18016290.0,en,1970
11631,Mamma Mia!,2008,108,6.964,7076,52000000.0,609841637.0,en,2000
11639,The Dark Crystal,1982,93,7.1,1280,15000000.0,44626631.0,en,1980
11644,Blow Out,1981,108,7.352,1701,18000000.0,12000000.0,en,1980
11645,Ran,1985,160,8.0,1852,12000000.0,23334156.0,ja,1980
11656,The Virgin Spring,1960,90,7.848,683,,700000.0,sv,1960
11657,Le Cercle Rouge,1970,140,7.605,735,,,fr,1970
11674,101 Dalmatians,1996,103,5.947,3676,54000000.0,320689294.0,en,1990
11686,Love and Death,1975,85,7.467,979,3000000.0,20173742.0,en,1970
11688,The Emperor's New Groove,2000,78,7.565,7371,100000000.0,169327687.0,en,2000
11689,Crime Busters,1977,115,7.001,723,,,it,1970
11690,Bloodsport,1988,92,7.062,2208,1500000.0,63500000.0,en,1980
11697,The Man Who Shot Liberty Valance,1962,123,7.824,1307,3200000.0,8000000.0,en,1960
117,The Untouchables,1987,119,7.757,6235,25000000.0,76270454.0,en,1980
11708,Chitty Chitty Bang Bang,1968,144,6.8,750,10000000.0,7500445.0,en,1960
11712,Sanjuro,1962,96,7.933,731,,,ja,1960
11713,Fist of Fury,1972,108,7.226,1091,100000.0,100000000.0,zh,1970
11772,The Haunting,1963,112,7.1,726,1050000.0,1020000.0,en,1960
11773,Village of the Damned,1960,77,7.2,503,200000.0,2175000.0,en,1960
11778,The Deer Hunter,1978,183,7.968,4306,15000000.0,49000000.0,en,1970
118,Charlie and the Chocolate Factory,2005,115,7.039,16234,150000000.0,475000000.0,en,2000
11806,Beethoven,1992,87,5.837,2260,,147214049.0,en,1990
11829,Trinity Is Still My Name,1971,118,7.4,1018,,2100000.0,it,1970
118340,Guardians of the Galaxy,2014,121,7.907,29955,170000000.0,772776600.0,en,2010
11837,Watership Down,1978,92,7.206,715,1000000.0,3713768.0,en,1970
11843,The Return of the Pink Panther,1975,113,6.8,697,5000000.0,41833347.0,en,1970
11850,Invasion of the Body Snatchers,1978,116,7.2,1353,3500000.0,24946533.0,en,1970
11878,Yojimbo,1961,110,8.1,1714,,,ja,1960
11886,Robin Hood,1973,83,7.31,4686,5000000.0,33000000.0,en,1970
11901,High Plains Drifter,1973,106,7.327,1359,5500000.0,15700000.0,en,1970
11906,Suspiria,1977,99,7.47,3215,,2900000.0,it,1970
11913,The Gendarme Takes Off,1970,90,6.339,557,,,fr,1970
11916,Two Mules for Sister Sara,1970,114,6.9,685,2500000.0,5050000.0,en,1970
11943,Jeremiah Johnson,1972,108,7.307,699,3100000.0,44700000.0,en,1970
11953,Kagemusha,1980,180,7.8,744,6000000.0,4000000.0,ja,1980
11963,Three Days of the Condor,1975,117,7.276,1382,7800000.0,41509797.0,en,1970
11969,Tombstone,1993,130,7.6,2486,25000000.0,73205065.0,en,1990
11970,Hercules,1997,93,7.498,8006,85000000.0,252712101.0,en,1990
11977,Caddyshack,1980,98,6.592,1315,6000000.0,39846344.0,en,1980
12,Finding Nemo,2003,100,7.82,20722,94000000.0,940335536.0,en,2000
120,The Lord of the Rings: The Fellowship of the Ring,2001,179,8.439,27935,93000000.0,871368364.0,en,2000
120467,The Grand Budapest Hotel,2014,100,8.026,16269,30000000.0,174600318.0,en,2010
121,The Lord of the Rings: The Two Towers,2002,179,8.424,24213,79000000.0,926287400.0,en,2000
12101,Soylent Green,1973,97,6.931,1446,,3600000.0,en,1970
12102,Kramer vs. Kramer,1979,105,7.569,2492,8000000.0,106260000.0,en,1970
12104,Pink Floyd: The Wall,1982,95,7.937,1674,12000000.0,22244207.0,en,1980
12105,Yellow Submarine,1968,90,7.216,558,250000.0,1273261.0,en,1960
1213,The Talented Mr. Ripley,1999,140,7.197,4195,40000000.0,128798265.0,en,1990
12144,The Land Before Time,1988,69,7.156,2781,12500000.0,84704291.0,en,1980
12155,Alice in Wonderland,2010,108,6.6,14922,200000000.0,1025467110.0,en,2010
122,The Lord of the Rings: The Return of the King,2003,201,8.502,26933,94000000.0,1118888979.0,en,2000
12208,Casino Royale,1967,131,5.3,835,12000000.0,41744718.0,en,1960
12230,One Hundred and One Dalmatians,1961,79,7.2,6710,3600000.0,303000000.0,en,1960
12262,The Hills Have Eyes,1977,90,6.163,1015,350000.0,25000000.0,en,1970
12268,The Pink Panther Strikes Again,1976,103,6.873,632,6000000.0,33833201.0,en,1970
122917,The Hobbit: The Battle of the Five Armies,2014,144,7.339,15526,250000000.0,956019788.0,en,2010
123,The Lord of the Rings,1978,132,6.59,1063,4000000.0,30477175.0,en,1970
12335,Bedknobs and Broomsticks,1971,117,7.043,1038,20000000.0,17900000.0,en,1970
12405,Slumdog Millionaire,2008,121,7.731,11440,15000000.0,378400000.0,en,2000
12444,Harry Potter and the Deathly Hallows: Part 1,2010,146,7.735,20563,250000000.0,954305868.0,en,2010
12445,Harry Potter and the Deathly Hallows: Part 2,2011,130,8.081,22181,125000000.0,1341511219.0,en,2010
12477,Grave of the Fireflies,1988,89,8.4,6635,3700000.0,842132.0,ja,1980
12481,The Big Boss,1971,99,7.062,857,100000.0,,zh,1970
12491,Accattone,1961,117,7.716,522,,,it,1960
12493,High and Low,1963,142,8.365,1155,250000.0,,ja,1960
1250,Ghost Rider,2007,114,5.616,6553,110000000.0,228738393.0,en,2000
1271,300,2007,117,7.207,14890,65000000.0,456082343.0,en,2000
127380,Finding Dory,2016,97,7.042,12737,200000000.0,1029266989.0,en,2010
127585,X-Men: Days of Future Past,2014,132,7.534,16410,250000000.0,748045700.0,en,2010
12761,Autumn Sonata,1978,93,7.959,715,,,sv,1970
128,Princess Mononoke,1997,134,8.322,9128,23500000.0,176506186.0,ja,1990
129,Spirited Away,2001,125,8.534,18597,19000000.0,274925095.0,ja,2000
13,Forrest Gump,1994,142,8.464,30056,55000000.0,677387716.0,en,1990
13041,El Topo,1970,125,7.056,670,400000.0,,es,1970
131631,The Hunger Games: Mockingjay - Part 1,2014,123,6.817,16839,125000000.0,755356711.0,en,2010
131634,The Hunger Games: Mockingjay - Part 2,2015,137,6.902,13449,160000000.0,653428261.0,en,2010
13183,Watchmen,2009,163,7.355,10112,130000000.0,185258983.0,en,2000
13187,A Charlie Brown Christmas,1965,25,7.677,790,96000.0,,en,1960
13223,Gran Torino,2008,116,7.991,11674,33000000.0,270000000.0,en,2000
13282,Death Race 2000,1975,80,6.2,575,300000.0,8000000.0,en,1970
13333,Game of Death,1978,101,6.4,744,850000.0,50000000.0,cn,1970
13342,Fast Times at Ridgemont High,1982,90,6.803,1391,4500000.0,27100000.0,en,1980
13353,"It's the Great Pumpkin, Charlie Brown",1966,25,7.493,455,,,en,1960
13377,How the Grinch Stole Christmas!,1966,25,7.5,1146,315000.0,,en,1960
13382,Rudolph the Red-Nosed Reindeer,1964,52,7.4,656,,,en,1960
13384,Kes,1970,111,7.42,448,,,en,1970
134,"O Brother, Where Art Thou?",2000,107,7.325,4662,26000000.0,71877090.0,en,2000
13448,Angels & Demons,2009,139,6.723,7395,150000000.0,485930816.0,en,2000
13475,Star Trek,2009,127,7.436,10589,150000000.0,386839614.0,en,2000
135397,Jurassic World,2015,124,6.703,21726,150000000.0,1671537444.0,en,2010
13550,The Changeling,1980,107,6.971,733,7600000.0,12000000.0,en,1980
1359,American Psycho,2000,102,7.401,12463,7000000.0,34269748.0,en,2000
13597,Labyrinth,1986,101,7.3,2785,25000000.0,12729917.0,en,1980
1366,Rocky,1976,120,7.8,8737,1000000.0,117253345.0,en,1970
1367,Rocky II,1979,119,7.302,4874,7000000.0,200182160.0,en,1970
13675,Frosty the Snowman,1969,25,6.932,392,,,en,1960
1368,First Blood,1982,93,7.511,6968,15000000.0,125212904.0,en,1980
1369,Rambo: First Blood Part II,1985,96,6.7,4375,44000000.0,300400432.0,en,1980
137,Groundhog Day,1993,101,7.634,9005,14600000.0,71108778.0,en,1990
1370,Rambo III,1988,102,6.205,3523,63000000.0,189015611.0,en,1980
1371,Rocky III,1982,100,6.9,4553,17000000.0,125052898.0,en,1980
137113,Edge of Tomorrow,2014,114,7.642,15258,178000000.0,370541256.0,en,2010
1372,Blood Diamond,2006,143,7.562,8424,100000000.0,171720398.0,en,2000
1374,Rocky IV,1985,91,7.099,4883,31000000.0,300473716.0,en,1980
1375,Rocky V,1990,104,5.782,3503,42000000.0,119946358.0,en,1990
13804,Fast & Furious,2009,107,6.69,7894,85000000.0,363164265.0,en,2000
138843,The Conjuring,2013,112,7.541,12870,13000000.0,321293998.0,en,2010
13939,Death Wish,1974,93,6.927,964,3000000.0,76600000.0,en,1970
1396,Mirror,1975,107,7.953,1102,825000.0,124367.0,ru,1970
1398,Stalker,1979,162,8.087,2536,120000.0,,ru,1970
14,American Beauty,1999,122,7.998,13176,15000000.0,356296601.0,en,1990
1402,The Pursuit of Happyness,2006,117,7.886,10710,55000000.0,307077295.0,en,2000
14030,"Hello, Dolly!",1969,148,7.0,393,24000000.0,33208099.0,en,1960
140607,Star Wars: The Force Awakens,2015,136,7.248,20688,245000000.0,2068223624.0,en,2010
141,Donnie Darko,2001,114,7.762,13545,4500000.0,7500000.0,en,2000
1410,Dark Star,1974,83,5.995,657,60000.0,,en,1970
141052,Justice League,2017,120,6.07,13777,300000000.0,661326987.0,en,2010
14136,The Love Bug,1968,108,6.567,652,,51264022.0,en,1960
14160,Up,2009,96,7.961,21855,175000000.0,735103954.0,en,2000
14161,2012,2009,158,5.889,12859,200000000.0,791217826.0,en,2000
1417,Pan's Labyrinth,2006,118,7.766,11580,19000000.0,83258226.0,es,2000
142,Brokeback Mountain,2005,134,7.8,7632,14000000.0,178043761.0,en,2000
1422,The Departed,2006,151,8.16,16398,90000000.0,291465000.0,en,2000
14257,Delusions of Grandeur,1971,108,7.401,745,,,fr,1970
14433,Zulu,1964,138,7.4,574,1720000.0,8000000.0,en,1960
14537,Harakiri,1962,135,8.442,1241,,,ja,1960
14574,The Boy in the Striped Pyjamas,2008,94,7.823,7742,12500000.0,20416563.0,en,2000
146233,Prisoners,2013,153,8.106,13257,46000000.0,122127446.0,en,2010
14811,Fiddler on the Roof,1971,181,7.739,654,9000000.0,83304330.0,en,1970
14813,Mickey's Christmas Carol,1983,25,7.669,994,3000000.0,21000000.0,en,1980
14831,Help!,1965,92,6.9,353,1500000.0,,en,1960
14836,Coraline,2009,100,7.924,9184,60000000.0,185860104.0,en,2000
149,Akira,1988,124,7.937,4857,5700000.0,49000000.0,ja,1980
150,48 Hrs.,1982,96,6.682,1746,12000000.0,78868508.0,en,1980
150540,Inside Out,2015,95,7.908,23652,175000000.0,857611174.0,en,2010
15121,The Sound of Music,1965,174,7.731,3664,8200000.0,286214286.0,en,1960
15144,Sixteen Candles,1984,93,6.754,2232,6500000.0,23686027.0,en,1980
15196,Clue,1985,94,7.209,1993,15000000.0,14647963.0,en,1980
152,Star Trek: The Motion Picture,1979,131,6.482,1959,44000000.0,139346243.0,en,1970
15247,The Ipcress File,1965,109,6.822,353,,,en,1960
152601,Her,2013,126,7.836,15438,23000000.0,47351251.0,en,2010
153,Lost in Translation,2003,102,7.381,8186,4000000.0,119723856.0,en,2000
15371,The Castle of Cagliostro,1979,102,7.507,1153,7202188.0,8194857.0,ja,1970
15383,Army of Shadows,1969,145,7.9,760,,906133.0,fr,1960
154,Star Trek II: The Wrath of Khan,1982,113,7.448,2160,12000000.0,96594943.0,en,1980
1541,Thelma & Louise,1991,130,7.6,3923,16000000.0,45361000.0,en,1990
1547,The Lost Boys,1987,97,7.1,2335,8500000.0,32222567.0,en,1980
155,The Dark Knight,2008,152,8.533,36202,185000000.0,1004558444.0,en,2000
15516,The Last House on the Left,1972,84,6.028,797,90000.0,,en,1970
1572,Die Hard: With a Vengeance,1995,128,7.284,6743,90000000.0,366101666.0,en,1990
1573,Die Hard 2,1990,124,6.971,6482,70000000.0,240031094.0,en,1990
157336,Interstellar,2014,169,8.483,40480,165000000.0,746606706.0,en,2010
157350,Divergent,2014,140,6.903,13579,85000000.0,288885818.0,en,2010
1576,Resident Evil,2002,100,6.668,7026,33000000.0,102984862.0,en,2000
1578,Raging Bull,1980,129,7.899,4817,18000000.0,23380203.0,en,1980
1579,Apocalypto,2006,138,7.653,6520,40000000.0,120654337.0,en,2000
1584,The School of Rock,2003,110,7.086,6256,35000000.0,131098967.0,en,2000
1587,What's Eating Gilbert Grape,1993,118,7.66,4332,11000000.0,10000000.0,en,1990
1592,Primal Fear,1996,130,7.657,4029,30000000.0,102616183.0,en,1990
1593,Night at the Museum,2006,108,6.6,11051,110000000.0,574480841.0,en,2000
1594,A Shot in the Dark,1964,102,7.18,663,,12368234.0,en,1960
15969,The Return of Jafar,1994,69,6.236,3466,3500000.0,,en,1990
1597,Meet the Parents,2000,108,6.7,6466,55000000.0,330444045.0,en,2000
1598,Cape Fear,1991,128,7.265,3943,35000000.0,182300000.0,en,1990
1607,A Bronx Tale,1993,121,7.9,2931,22000000.0,17287898.0,en,1990
161,Ocean's Eleven,2001,116,7.463,12694,85000000.0,450717150.0,en,2000
162,Edward Scissorhands,1990,105,7.721,13886,20000000.0,86024005.0,en,1990
1621,Trading Places,1983,116,7.231,3702,15000000.0,90404800.0,en,1980
1624,Liar Liar,1997,86,6.715,6297,45000000.0,302710615.0,en,1990
1626,Vivre Sa Vie,1962,84,7.7,707,64000.0,24517.0,fr,1960
1628,Jules and Jim,1962,106,7.543,1060,,,fr,1960
163,Ocean's Twelve,2004,125,6.567,7996,110000000.0,362744280.0,en,2000
16306,Fantastic Planet,1973,72,7.635,1115,,,fr,1970
16307,The Wicker Man,1973,93,7.333,1669,810000.0,885371.0,en,1970
1635,The Island,2005,136,6.698,5943,126000000.0,162949164.0,en,2000
1637,Speed,1994,116,7.157,6932,30000000.0,350448145.0,en,1990
16372,The Innocents,1961,100,7.5,679,430000.0,1200000.0,en,1960
164,Breakfast at Tiffany's,1961,115,7.6,4516,2500000.0,9500000.0,en,1960
1643,Last Tango in Paris,1972,129,6.899,1354,1250000.0,36182181.0,it,1970
1645,A Time to Kill,1996,149,7.393,3023,40000000.0,152266007.0,en,1990
1648,Bill & Ted's Excellent Adventure,1989,90,6.846,2132,10000000.0,40510984.0,en,1980
165,Back to the Future Part II,1989,108,7.8,14076,40000000.0,332000000.0,en,1980
1654,The Dirty Dozen,1967,149,7.593,1340,5400000.0,45300000.0,en,1960
166,The Party,1980,110,6.597,1222,,,fr,1980
16642,Days of Heaven,1978,94,7.479,1192,3000000.0,3700000.0,en,1970
166426,Pirates of the Caribbean: Dead Men Tell No Tales,2017,129,6.7,12929,230000000.0,795922298.0,en,2010
16672,Woman in the Dunes,1964,147,8.205,525,,,ja,1960
1669,The Hunt for Red October,1990,135,7.4,3669,30000000.0,200512643.0,en,1990
168,Star Trek IV: The Voyage Home,1986,118,7.179,1675,21000000.0,133000000.0,en,1980
168259,Furious 7,2015,138,7.216,11381,190000000.0,1515400000.0,en,2010
1685,Beneath the Planet of the Apes,1970,95,6.145,1492,3000000.0,18999718.0,en,1970
16859,Kiki's Delivery Service,1989,103,7.8,4644,6900000.0,4493017.0,ja,1980
16869,Inglourious Basterds,2009,153,8.2,24451,70000000.0,321457747.0,en,2000
1687,Escape from the Planet of the Apes,1971,98,6.379,1250,2500000.0,12348905.0,en,1970
1688,Conquest of the Planet of the Apes,1972,88,6.155,1105,1700000.0,9700000.0,en,1970
169,Predator 2,1990,108,6.308,3893,35000000.0,57120318.0,en,1990
16938,Black Christmas,1974,98,6.965,956,686000.0,4000000.0,en,1970
1694,Re-Animator,1985,86,7.054,1697,900000.0,2027771.0,en,1980
170,28 Days Later,2002,113,7.245,8655,8000000.0,82784517.0,en,2000
1700,Misery,1990,107,7.755,5311,20000000.0,61300000.0,en,1990
1705,Battle for the Planet of the Apes,1973,93,5.682,1079,1700000.0,8844595.0,en,1970
1714,Fahrenheit 451,1966,113,7.11,1087,1500000.0,2000000.0,en,1960
1724,The Incredible Hulk,2008,114,6.248,12849,150000000.0,264770996.0,en,2000
1725,West Side Story,1961,153,7.222,2057,6000000.0,43700000.0,en,1960
1726,Iron Man,2008,126,7.663,28388,140000000.0,585174222.0,en,2000
17295,The Battle of Algiers,1966,122,7.892,905,800000.0,964028.0,it,1960
1734,The Mummy Returns,2001,130,6.412,7780,98000000.0,443280904.0,en,2000
17360,Escape to Victory,1981,116,6.886,1015,10000000.0,27453418.0,en,1980
17529,True Grit,1969,128,7.3,872,,37659900.0,en,1960
176,Saw,2004,103,7.4,10186,1200000.0,104045735.0,en,2000
17654,District 9,2009,112,7.474,10465,30000000.0,210888950.0,en,2000
17689,The Gauntlet,1977,109,6.55,614,5500000.0,26400000.0,en,1970
17692,Jaws 3-D,1983,98,4.48,1434,20500000.0,87987056.0,en,1980
1771,Captain America: The First Avenger,2011,124,7.01,22914,140000000.0,370569774.0,en,2010
177572,Big Hero 6,2014,102,7.726,16727,165000000.0,657870525.0,en,2010
177677,Mission: Impossible - Rogue Nation,2015,131,7.225,9807,150000000.0,682716636.0,en,2010
17814,Assault on Precinct 13,1976,91,7.3,1225,150000.0,,en,1970
1788,Footloose,1984,107,6.687,2227,8200000.0,80035402.0,en,1980
17887,Barefoot in the Park,1967,106,7.139,618,2000000.0,30000000.0,en,1960
18,The Fifth Element,1997,126,7.586,11918,90000000.0,263920180.0,fr,1990
180,Minority Report,2002,145,7.355,9754,102000000.0,358372926.0,en,2000
1813,The Devil's Advocate,1997,144,7.48,6905,57000000.0,153000000.0,en,1990
1818,Shoot the Piano Player,1960,85,7.183,446,,,fr,1960
181808,Star Wars: The Last Jedi,2017,152,6.747,16472,300000000.0,1334407706.0,en,2010
181812,Star Wars: The Rise of Skywalker,2019,142,6.262,10961,489900000.0,1074144248.0,en,2010
18239,The Twilight Saga: New Moon,2009,131,5.989,9813,50000000.0,709827462.0,en,2000
1824,50 First Dates,2004,99,6.874,7811,75000000.0,196482882.0,en,2000
18240,The Proposal,2009,108,7.176,7652,40000000.0,317400000.0,en,2000
1830,Lord of War,2005,122,7.347,5428,50000000.0,72600000.0,en,2000
18333,Hour of the Wolf,1968,88,7.43,561,,,sv,1960
184,Jackie Brown,1997,154,7.357,7009,12000000.0,74727492.0,en,1990
185,A Clockwork Orange,1971,137,8.2,13947,2200000.0,27033812.0,en,1970
1858,Transformers,2007,144,6.8,12356,150000000.0,709709780.0,en,2000
1865,Pirates of the Caribbean: On Stranger Tides,2011,136,6.6,15091,379000000.0,1046721266.0,en,2010
187,Sin City,2005,124,7.465,8937,40000000.0,158733820.0,en,2000
1870,Fantomas Unleashed,1965,105,6.737,581,,,fr,1960
1871,Fantomas,1964,104,6.821,826,,,fr,1960
1875,Fantomas vs. Scotland Yard,1967,104,6.718,579,,,fr,1960
1878,Fear and Loathing in Las Vegas,1998,118,7.202,5079,18500000.0,10700000.0,en,1990
18785,The Hangover,2009,100,7.337,18272,35000000.0,469310836.0,en,2000
1879,Guess Who's Coming to Dinner,1967,108,7.571,919,4000000.0,56666667.0,en,1960
1885,The Karate Kid,1984,127,7.228,4778,8000000.0,91138075.0,en,1980
18900,In Cold Blood,1967,134,7.518,439,3500000.0,13007551.0,en,1960
1891,The Empire Strikes Back,1980,124,8.392,18591,18000000.0,538400000.0,en,1980
1892,Return of the Jedi,1983,132,7.91,17084,32350000.0,572700000.0,en,1980
1893,Star Wars: Episode I - The Phantom Menace,1999,136,6.582,15997,115000000.0,1046515409.0,en,1990
1894,Star Wars: Episode II - Attack of the Clones,2002,142,6.598,14495,120000000.0,649398328.0,en,2000
1895,Star Wars: Episode III - Revenge of the Sith,2005,140,7.472,15097,113000000.0,850000000.0,en,2000
19067,The Duellists,1977,100,7.25,639,900000.0,,en,1970
1907,The Beach,2000,119,6.484,4753,40000000.0,144056873.0,en,2000
1908,Inherit the Wind,1960,128,7.65,478,2000000.0,2000000.0,en,1960
190859,American Sniper,2014,133,7.411,13751,58800000.0,542300000.0,en,2010
19186,The Parent Trap,1961,129,7.027,430,,29650385.0,en,1960
192,The Name of the Rose,1986,130,7.496,3352,18000000.0,77200000.0,en,1980
1923,Twin Peaks: Fire Walk with Me,1992,135,7.4,2298,10000000.0,4237427.0,en,1990
1924,Superman,1978,144,7.163,4341,55000000.0,300478449.0,en,1970
1927,Hulk,2003,138,5.587,6340,137000000.0,245360480.0,en,2000
1930,The Amazing Spider-Man,2012,136,6.743,18726,215000000.0,758725893.0,en,2010
1933,The Others,2001,101,7.617,7290,17000000.0,210002906.0,en,2000
194,Amélie,2001,122,7.92,12506,10000000.0,173921954.0,fr,2000
19404,Dilwale Dulhania Le Jayenge,1995,190,8.509,4604,13200000.0,100000000.0,hi,1990
194662,Birdman or (The Unexpected Virtue of Ignorance),2014,120,7.4,13673,18000000.0,103215094.0,en,2010
1949,Zodiac,2007,157,7.533,11687,65000000.0,84785914.0,en,2000
1954,The Butterfly Effect,2004,113,7.581,8348,13000000.0,96800000.0,en,2000
19548,The Restaurant,1966,82,6.773,565,,,fr,1960
1955,The Elephant Man,1980,124,8.049,3983,5000000.0,26000000.0,en,1980
196,Back to the Future Part III,1990,119,7.5,11644,40000000.0,244527583.0,en,1990
197,Braveheart,1995,178,7.945,11253,72000000.0,213216216.0,en,1990
1979,Fantastic Four: Rise of the Silver Surfer,2007,92,5.634,8475,130000000.0,301913131.0,en,2000
198663,The Maze Runner,2014,113,7.191,18263,34000000.0,348319861.0,en,2010
19908,Zombieland,2009,88,7.26,13306,23600000.0,102391540.0,en,2000
19913,(500) Days of Summer,2009,95,7.303,11140,7500000.0,60781545.0,en,2000
1995,Lara Croft: Tomb Raider,2001,100,5.917,6582,115000000.0,274703340.0,en,2000
19995,Avatar,2009,162,7.609,34296,237000000.0,2923706026.0,en,2000
2000,"Aguirre, the Wrath of God",1972,95,7.438,1266,370000.0,37041.0,de,1970
2005,Sister Act,1992,100,6.832,3478,31000000.0,231605150.0,en,1990
20108,Au Hasard Balthazar,1966,96,7.5,517,,39388.0,fr,1960
20126,Deep Red,1975,127,7.721,1607,,2900000.0,it,1970
20139,The Children's Hour,1961,108,7.7,415,3600000.0,3000000.0,en,1960
20271,Divorce Italian Style,1961,104,7.886,536,,,it,1960
203,Mean Streets,1973,112,7.0,2317,500000.0,3000000.0,en,1970
2034,Training Day,2001,122,7.5,6693,45000000.0,104900000.0,en,2000
20345,The Bird with the Crystal Plumage,1970,96,7.14,842,500000.0,,it,1970
20352,Despicable Me,2010,95,7.261,16186,69000000.0,543284256.0,en,2010
2048,"I, Robot",2004,115,6.968,12801,120000000.0,347234916.0,en,2000
20526,TRON: Legacy,2010,126,6.546,8026,170000000.0,409912892.0,en,2010
205596,The Imitation Game,2014,113,7.983,18219,14000000.0,233555708.0,en,2010
2062,Ratatouille,2007,111,7.845,18682,150000000.0,623726000.0,en,2000
20620,Seconds,1966,107,7.3,442,2500000.0,1750000.0,en,1960
206647,Spectre,2015,148,6.571,11343,245000000.0,880707597.0,en,2010
207,Dead Poets Society,1989,129,8.3,12757,16400000.0,235860116.0,en,1980
207703,Kingsman: The Secret Service,2015,129,7.62,17944,81000000.0,414351546.0,en,2010
2080,X-Men Origins: Wolverine,2009,107,6.296,11357,150000000.0,373062864.0,en,2000
20875,Operation Y and Other Shurik's Adventures,1965,95,7.488,520,,,ru,1960
209112,Batman v Superman: Dawn of Justice,2016,152,6.006,19157,250000000.0,874362803.0,en,2010
20914,My Friends,1975,140,8.115,751,,,it,1970
2105,American Pie,1999,95,6.615,8418,11000000.0,235483004.0,en,1990
210577,Gone Girl,2014,149,7.89,20143,61000000.0,370890259.0,en,2010
2108,The Breakfast Club,1985,98,7.719,8604,1000000.0,51530442.0,en,1980
2109,Rush Hour,1998,97,7.084,5762,33000000.0,244721064.0,en,1990
21159,The Last Man on Earth,1964,87,6.584,490,300000.0,,en,1960
211672,Minions,2015,91,6.421,11184,74000000.0,1159457503.0,en,2010
2118,L.A. Confidential,1997,138,7.804,5618,35000000.0,126216940.0,en,1990
2134,The Time Machine,1960,103,7.4,930,750000.0,5902.0,en,1960
21484,Possession,1981,124,7.3,1368,2400000.0,1200000.0,en,1980
215,Saw II,2005,93,6.609,5960,4000000.0,152925093.0,en,2000
216015,Fifty Shades of Grey,2015,125,5.867,12472,40000000.0,569651467.0,en,2010
2161,Fantastic Voyage,1966,101,6.7,495,5115000.0,12000000.0,en,1960
2164,Stargate,1994,121,7.033,3880,55000000.0,196567262.0,en,1990
217,Indiana Jones and the Kingdom of the Crystal Skull,2008,122,6.029,9111,185000000.0,786636033.0,en,2000
218,The Terminator,1984,108,7.685,14812,6400000.0,78371200.0,en,1980
22,Pirates of the Caribbean: The Curse of the Black Pearl,2003,143,7.8,22487,140000000.0,655011224.0,en,2000
22538,Scott Pilgrim vs. the World,2010,113,7.486,8708,73000000.0,51825248.0,en,2010
227,The Outsiders,1983,91,7.18,1573,10000000.0,33697647.0,en,1980
2280,Big,1988,104,7.189,4089,18000000.0,151927281.0,en,1980
2292,Clerks,1994,92,7.373,2795,27575.0,3158707.0,en,1990
2300,Space Jam,1996,87,6.811,6468,80000000.0,250200000.0,en,1990
23483,Kick-Ass,2010,118,7.122,12490,28000000.0,96188903.0,en,2010
235,Stand by Me,1986,89,7.836,6614,8000000.0,52289686.0,en,1980
2362,Westworld,1973,89,6.781,1477,1200000.0,10000000.0,en,1970
2370,Topaz,1969,127,6.025,424,4000000.0,6000000.0,en,1960
238,The Godfather,1972,175,8.686,23226,6000000.0,245066411.0,en,1970
24,Kill Bill: Vol. 1,2003,111,7.972,19148,30000000.0,180906076.0,en,2000
240,The Godfather Part II,1974,202,8.571,14093,13000000.0,102600000.0,en,1970
24021,The Twilight Saga: Eclipse,2010,124,6.2,9310,68000000.0,698491347.0,en,2010
240832,Lucy,2014,89,6.475,17200,40000000.0,469058574.0,en,2010
241,Natural Born Killers,1994,119,7.053,3845,34000000.0,50283563.0,en,1990
24167,Two Women,1960,100,7.8,581,,,it,1960
24188,Il Sorpasso,1962,105,8.226,850,,,it,1960
24192,The Gospel According to St. Matthew,1965,137,7.41,415,,,it,1960
242,The Godfather Part III,1990,162,7.421,6943,54000000.0,136766062.0,en,1990
2433,The Young Girls of Rochefort,1967,126,7.673,662,,,fr,1960
24402,Emmanuelle,1974,95,5.971,823,500000.0,20200000.0,fr,1970
24428,The Avengers,2012,143,8.06,38907,220000000.0,1518815515.0,en,2010
24452,The Little Shop of Horrors,1960,73,6.3,472,31000.0,25066.0,en,1960
244786,Whiplash,2014,107,8.375,16841,3300000.0,50307484.0,en,2010
245891,John Wick,2014,101,7.461,21047,20000000.0,86085191.0,en,2010
2462,Hibernatus,1969,82,6.701,520,,,fr,1960
246655,X-Men: Apocalypse,2016,144,6.527,13895,178000000.0,543934787.0,en,2010
24831,Piranha,1978,94,5.958,756,660000.0,16000000.0,en,1970
2493,The Princess Bride,1987,99,7.705,5182,16000000.0,30900000.0,en,1980
2501,The Bourne Identity,2002,119,7.483,10210,60000000.0,214034224.0,en,2000
2502,The Bourne Supremacy,2004,108,7.334,8252,75000000.0,288500217.0,en,2000
2503,The Bourne Ultimatum,2007,115,7.44,8456,70000000.0,442824138.0,en,2000
250480,The Many Adventures of Winnie the Pooh,1977,74,7.239,1179,,,en,1970
251,Ghost,1990,127,7.24,6102,22000000.0,505000000.0,en,1990
25188,The Last Picture Show,1971,119,7.6,780,1300000.0,29133000.0,en,1970
252,Willy Wonka & the Chocolate Factory,1971,100,7.485,3993,3000000.0,4000000.0,en,1970
25237,Come and See,1985,142,8.207,1881,5000000.0,20929648.0,ru,1980
25239,Day of the Woman,1978,101,6.02,726,80000.0,,en,1970
25253,Crooks in Clover,1963,111,7.724,568,,,fr,1960
253,Live and Let Die,1973,121,6.506,2325,7000000.0,126400000.0,en,1970
254,King Kong,2005,188,6.895,8587,207000000.0,562363449.0,en,2000
25606,Fantozzi: White Collar Blues,1975,108,7.801,882,,,it,1970
25623,House,1977,88,7.3,800,,,ja,1970
25866,The Sucker,1965,111,7.363,719,678948.0,,fr,1960
259316,Fantastic Beasts and Where to Find Them,2016,133,7.309,19819,180000000.0,809342332.0,en,2010
2604,Born on the Fourth of July,1989,145,7.006,1908,14000000.0,161001698.0,en,1980
2605,Short Circuit,1986,98,6.653,1641,10000000.0,40697761.0,en,1980
260513,Incredibles 2,2018,118,7.454,13794,200000000.0,1243225667.0,en,2010
2609,"Planes, Trains and Automobiles",1987,92,7.253,2244,15000000.0,49500000.0,en,1980
262,The King of Comedy,1982,109,7.8,2603,19000000.0,2536000.0,en,1980
262500,Insurgent,2015,119,6.36,10506,110000000.0,297002527.0,en,2010
263115,Logan,2017,137,7.8,20574,97000000.0,619021436.0,en,2010
2640,Heathers,1989,103,7.268,1902,3000000.0,1166207.0,en,1980
26451,Investigation of a Citizen Above Suspicion,1970,111,8.182,882,,,it,1970
264660,Ex Machina,2015,108,7.571,14404,15000000.0,36869414.0,en,2010
2649,The Game,1997,129,7.576,7436,50000000.0,109423648.0,en,1990
266,Contempt,1963,103,7.028,973,900000.0,528428.0,fr,1960
2661,Batman,1966,105,6.367,1069,1377800.0,3900000.0,en,1960
26617,Five Easy Pieces,1970,98,7.1,605,1600000.0,18099091.0,en,1970
26638,Red Desert,1964,117,7.3,511,,,it,1960
2665,Airplane II: The Sequel,1982,84,6.08,1283,15000000.0,27150534.0,en,1980
2667,The Blair Witch Project,1999,81,6.366,5537,60000.0,248639099.0,en,1990
2668,Sleepy Hollow,1999,105,7.194,7454,100000000.0,206071526.0,en,1990
2675,Signs,2002,106,6.728,6406,72000000.0,408200000.0,en,2000
268,Batman,1989,126,7.2,8663,35000000.0,411348924.0,en,1980
269,Breathless,1960,90,7.5,2060,80000.0,,fr,1960
2690,Irma la Douce,1963,147,7.4,481,5000000.0,25200000.0,en,1960
269149,Zootopia,2016,109,7.765,18307,150000000.0,1025521689.0,en,2010
271110,Captain America: Civil War,2016,147,7.45,24211,250000000.0,1155046416.0,en,2010
272,Batman Begins,2005,140,7.729,22840,150000000.0,374218673.0,en,2000
27205,Inception,2010,148,8.372,39673,160000000.0,839030630.0,en,2010
2721,Z,1969,122,7.785,635,,83305.0,fr,1960
273248,The Hateful Eight,2015,188,7.756,15422,44000000.0,155760117.0,en,2010
27327,Phantom of the Paradise,1974,92,7.481,760,1300000.0,250000.0,en,1970
274,The Silence of the Lambs,1991,119,8.3,18200,19000000.0,272742922.0,en,1990
27429,Shivers,1975,88,6.365,721,179000.0,1000000.0,en,1970
274870,Passengers,2016,116,6.957,14348,110000000.0,303144152.0,en,2010
275,Fargo,1996,98,7.85,9198,7000000.0,60611975.0,en,1990
2756,The Abyss,1989,140,7.356,3501,43000000.0,90000098.0,en,1980
27578,The Expendables,2010,103,6.253,8366,80000000.0,274470394.0,en,2010
2758,Addams Family Values,1993,94,6.978,3347,47000000.0,48919043.0,en,1990
27632,Black Sunday,1960,86,7.385,597,,,it,1960
2768,American Gigolo,1980,117,6.183,739,5000000.0,52700000.0,en,1980
277,Underworld,2003,122,6.857,6673,22000000.0,95708457.0,en,2000
277834,Moana,2016,107,7.565,13867,150000000.0,690860472.0,en,2010
278,The Shawshank Redemption,1994,142,8.726,30872,25000000.0,28341469.0,en,1990
2786,Pierrot le Fou,1965,110,7.3,950,300000.0,,fr,1960
2787,Pitch Black,2000,108,6.867,4865,23000000.0,53187659.0,en,2000
279,Amadeus,1984,160,8.025,4821,18000000.0,90007557.0,en,1980
2798,Oscar,1967,85,7.317,539,,,fr,1960
28,Apocalypse Now,1979,147,8.267,9212,31500000.0,150000000.0,en,1970
280,Terminator 2: Judgment Day,1991,137,8.2,14534,102000000.0,517778573.0,en,1990
28043,Black Sabbath,1963,95,7.2,487,,,it,1960
28145,"They Shoot Horses, Don't They?",1969,120,7.6,374,,,en,1960
281957,The Revenant,2015,157,7.541,19485,135000000.0,532950503.0,en,2010
283366,Miss Peregrine's Home for Peculiar Children,2016,127,6.84,10544,110000000.0,296482446.0,en,2010
283995,Guardians of the Galaxy Vol. 2,2017,137,7.61,23113,200000000.0,863756051.0,en,2010
284,The Apartment,1960,126,8.188,2709,3000000.0,25000000.0,en,1960
284052,Doctor Strange,2016,115,7.424,23602,180000000.0,676343174.0,en,2010
284053,Thor: Ragnarok,2017,131,7.583,22191,180000000.0,855301806.0,en,2010
284054,Black Panther,2018,135,7.364,23663,200000000.0,1349926083.0,en,2010
285,Pirates of the Caribbean: At World's End,2007,169,7.3,15640,300000000.0,961691209.0,en,2000
28501,The Pit and the Pendulum,1961,80,6.868,391,200000.0,2000000.0,en,1960
28569,Splendor in the Grass,1961,124,7.463,307,,,en,1960
286217,The Martian,2015,141,7.706,21508,108000000.0,631058917.0,en,2010
287947,Shazam!,2019,132,6.974,10306,80000000.0,367799011.0,en,2010
28942,The Brood,1979,92,6.698,824,1355000.0,5000000.0,en,1970
290,Barton Fink,1991,117,7.5,1904,9000000.0,6153939.0,en,1990
2907,The Addams Family,1991,100,7.072,5102,30000000.0,191502426.0,en,1990
291805,Now You See Me 2,2016,129,6.825,11685,120000000.0,334897606.0,en,2010
2924,Backdraft,1991,137,6.7,1594,75000000.0,152368585.0,en,1990
29259,Le Trou,1960,132,8.233,579,,33187.0,fr,1960
29264,The Exterminating Angel,1962,93,7.915,747,,,es,1960
293660,Deadpool,2016,108,7.624,32967,58000000.0,782837347.0,en,2010
294254,Maze Runner: The Scorch Trials,2015,131,6.731,11134,61000000.0,312296056.0,en,2010
29455,Winter Light,1963,80,7.9,511,,,sv,1960
296,Terminator 3: Rise of the Machines,2003,109,6.199,7350,200000000.0,435000000.0,en,2000
296096,Me Before You,2016,110,7.929,13410,20000000.0,207945075.0,en,2010
297,Meet Joe Black,1998,178,7.4,5839,90000000.0,142940100.0,en,1990
297761,Suicide Squad,2016,122,5.917,22234,175000000.0,749200054.0,en,2010
297762,Wonder Woman,2017,141,7.207,21028,149000000.0,823970682.0,en,2010
2978,Ghostbusters II,1989,108,6.603,4906,37000000.0,215394738.0,en,1980
297802,Aquaman,2018,143,6.866,15039,160000000.0,1152028393.0,en,2010
298,Ocean's Thirteen,2007,122,6.727,6967,85000000.0,311312624.0,en,2000
29845,A Woman Under the Influence,1974,155,7.8,563,1000000.0,12200000.0,en,1970
299534,Avengers: Endgame,2019,181,8.238,28129,356000000.0,2799439100.0,en,2010
299536,Avengers: Infinity War,2018,149,8.24,32386,300000000.0,2052415039.0,en,2010
299537,Captain Marvel,2019,124,6.778,16896,152000000.0,1131416446.0,en,2010
2998,Zabriskie Point,1970,113,6.998,446,7000000.0,1000000.0,en,1970
3001,How to Steal a Million,1966,123,7.512,669,6400000.0,4400000.0,en,1960
300668,Annihilation,2018,115,6.445,9466,40000000.0,43070915.0,en,2010
3009,The Trial,1962,119,7.377,569,1300000.0,94243.0,en,1960
301528,Toy Story 4,2019,100,7.464,10787,175000000.0,1073841394.0,en,2010
30197,The Producers,1968,89,7.1,920,947000.0,,en,1960
3034,Young Frankenstein,1974,106,7.855,3435,2800000.0,86273333.0,en,1970
3049,Ace Ventura: Pet Detective,1994,86,6.582,6467,15000000.0,107217396.0,en,1990
30497,The Texas Chain Saw Massacre,1974,83,7.291,3872,140000.0,30922680.0,en,1970
3053,The Fearless Vampire Killers,1967,108,7.0,835,2000000.0,,en,1960
30959,Kwaidan,1965,183,7.72,460,,,ja,1960
310,Bruce Almighty,2003,101,6.728,11586,80000000.0,484592874.0,en,2000
311,Once Upon a Time in America,1984,229,8.4,6121,30000000.0,5500000.0,en,1980
3116,Midnight Cowboy,1969,113,7.53,1635,3600000.0,44785053.0,en,1960
3131,Gangs of New York,2002,168,7.321,7322,100000000.0,193772504.0,en,2000
3133,Badlands,1974,94,7.5,1368,300000.0,,en,1970
313369,La La Land,2016,129,7.9,18262,30000000.0,509183536.0,en,2010
31417,Eyes Without a Face,1960,84,7.6,808,,58656.0,fr,1960
31442,Ivan's Childhood,1962,95,7.829,841,,,ru,1960
315,"Faster, Pussycat! Kill! Kill!",1965,83,6.3,367,45000.0,36122.0,en,1960
31522,A Woman Is a Woman,1961,83,7.3,406,160000.0,100655.0,fr,1960
315635,Spider-Man: Homecoming,2017,133,7.331,23396,175000000.0,880978185.0,en,2010
3175,Barry Lyndon,1975,188,8.0,3225,11000000.0,31500000.0,en,1970
318846,The Big Short,2015,131,7.368,9936,28000000.0,133346506.0,en,2010
319,True Romance,1993,121,7.542,3115,12500000.0,12600000.0,en,1990
321612,Beauty and the Beast,2017,129,6.967,16081,160000000.0,1266115964.0,en,2010
322,Mystic River,2003,138,7.745,7558,25000000.0,156800000.0,en,2000
324552,John Wick: Chapter 2,2017,122,7.342,14416,40000000.0,171539887.0,en,2010
324786,Hacksaw Ridge,2016,139,8.193,15038,40000000.0,175302354.0,en,2010
324857,Spider-Man: Into the Spider-Verse,2018,117,8.393,17484,90000000.0,394884133.0,en,2010
32657,Percy Jackson & the Olympians: The Lightning Thief,2010,118,6.216,7878,95000000.0,226497209.0,en,2010
329,Jurassic Park,1993,127,7.975,18091,63000000.0,920100000.0,en,1990
329865,Arrival,2016,116,7.631,19584,47000000.0,203388186.0,en,2010
33,Unforgiven,1992,130,7.914,5019,14400000.0,159157447.0,en,1990
330,The Lost World: Jurassic Park,1997,129,6.568,9338,73000000.0,618638999.0,en,1990
330457,Frozen II,2019,103,7.229,10360,150000000.0,1453683476.0,en,2010
330459,Rogue One: A Star Wars Story,2016,133,7.509,16550,200000000.0,1056057273.0,en,2010
331,Jurassic Park III,2001,92,6.178,7951,93000000.0,368780809.0,en,2000
332562,A Star Is Born,2018,136,7.492,12287,36000000.0,436388866.0,en,2010
333339,Ready Player One,2018,140,7.589,17121,175000000.0,607274134.0,en,2010
335,Once Upon a Time in the West,1968,166,8.3,4965,5000000.0,5380118.0,it,1960
335983,Venom,2018,112,6.825,17375,116000000.0,856085151.0,en,2010
335984,Blade Runner 2049,2017,164,7.6,15364,150000000.0,259239658.0,en,2010
336,"Duck, You Sucker",1971,157,7.67,1197,,,it,1970
33701,French Fried Vacation 2,1979,87,7.35,1272,,,fr,1970
337401,Mulan,2020,115,6.823,7097,200000000.0,69965374.0,en,2020
338762,Bloodshot,2020,110,6.677,5295,42000000.0,39861118.0,en,2020
338952,Fantastic Beasts: The Crimes of Grindelwald,2018,134,6.833,11553,200000000.0,654900000.0,en,2010
339403,Baby Driver,2017,113,7.4,16978,34000000.0,226945087.0,en,2010
343,Harold and Maude,1971,92,7.589,1223,1200000.0,,en,1970
345,Eyes Wide Shut,1999,159,7.487,7149,65000000.0,162100000.0,en,1990
34584,The NeverEnding Story,1984,101,7.224,4429,27000000.0,20158808.0,de,1980
346364,It,2017,135,7.24,20476,35000000.0,719766009.0,en,2010
348,Alien,1979,117,8.171,16570,11000000.0,104931801.0,en,1970
348350,Solo: A Star Wars Story,2018,135,6.6,9364,250000000.0,392952373.0,en,2010
35,The Simpsons Movie,2007,87,7.023,8621,75000000.0,527068851.0,en,2000
350,The Devil Wears Prada,2006,109,7.4,13963,35000000.0,326588371.0,en,2000
351286,Jurassic World: Fallen Kingdom,2018,129,6.531,12873,170000000.0,1310469037.0,en,2010
353081,Mission: Impossible - Fallout,2018,147,7.45,9234,178000000.0,824171374.0,en,2010
353486,Jumanji: Welcome to the Jungle,2017,119,6.821,14625,90000000.0,995339117.0,en,2010
354912,Coco,2017,105,8.198,21169,175000000.0,814641172.0,en,2010
3558,"Girl, Interrupted",1999,127,7.561,4209,40000000.0,48350205.0,en,1990
357953,Return,1975,7,6.924,656,,,en,1970
3604,Flash Gordon,1980,111,6.3,1112,35000000.0,27100000.0,en,1980
363088,Ant-Man and the Wasp,2018,119,6.902,14298,140000000.0,622674139.0,en,2010
364,Batman Returns,1992,126,6.949,7168,80000000.0,280000000.0,en,1990
36557,Casino Royale,2006,144,7.6,11816,150000000.0,599045960.0,en,2000
36593,Naked Gun 33⅓: The Final Insult,1994,83,6.518,2565,30000000.0,132032598.0,en,1990
36647,Blade,1998,121,6.846,6819,45000000.0,131183530.0,en,1990
36657,X-Men,2000,104,7.02,12309,75000000.0,296339527.0,en,2000
36658,X2,2003,133,7.042,10987,110000000.0,407711549.0,en,2000
36668,X-Men: The Last Stand,2006,104,6.425,10487,210000000.0,459359555.0,en,2000
36670,Never Say Never Again,1983,134,6.1,1643,36000000.0,160000000.0,en,1980
36685,The Rocky Horror Picture Show,1975,100,7.446,3168,1400000.0,171181400.0,en,1970
36819,Time Bandits,1981,116,6.6,1168,5000000.0,42365581.0,en,1980
36955,True Lies,1994,141,7.098,4639,115000000.0,378900000.0,en,1990
37094,Falling Down,1993,113,7.397,4148,25000000.0,40903593.0,en,1990
37135,Tarzan,1999,88,7.409,7404,130000000.0,448200000.0,en,1990
37136,The Naked Gun: From the Files of Police Squad!,1988,86,7.286,4572,12000000.0,152356177.0,en,1980
37137,The Naked Gun 2½: The Smell of Fear,1991,85,6.821,2815,23000000.0,192030411.0,en,1990
37165,The Truman Show,1998,103,8.2,20497,60000000.0,264118712.0,en,1990
372058,Your Name.,2016,106,8.5,12732,7500000.0,405320132.0,ja,2010
37233,The Firm,1993,154,6.742,2338,42000000.0,270248367.0,en,1990
37247,The Graduate,1967,107,7.629,3727,3000000.0,104945305.0,en,1960
374720,Dunkirk,2017,107,7.45,17724,150000000.0,549136737.0,en,2010
3763,Onibaba,1964,105,7.674,487,,,ja,1960
377,A Nightmare on Elm Street,1984,91,7.4,5821,1800000.0,57004513.0,en,1980
37724,Skyfall,2012,143,7.3,16235,200000000.0,1108594176.0,en,2010
37799,The Social Network,2010,121,7.375,13300,40000000.0,224920315.0,en,2010
378,Raising Arizona,1987,94,7.054,2365,6000000.0,29180280.0,en,1980
3780,Red Beard,1965,185,8.2,412,650000.0,1110000.0,ja,1960
38,Eternal Sunshine of the Spotless Mind,2004,108,8.089,16498,20000000.0,72258126.0,en,2000
380,Rain Man,1988,134,7.754,7184,25000000.0,354825435.0,en,1980
381284,Hidden Figures,2016,127,8.045,10534,25000000.0,235957472.0,en,2010
381288,Split,2017,117,7.342,18457,9000000.0,278454358.0,en,2010
383498,Deadpool 2,2018,120,7.491,19405,110000000.0,785896632.0,en,2010
38356,Transformers: Dark of the Moon,2011,154,6.238,9037,195000000.0,1123794079.0,en,2010
387,Das Boot,1981,150,8.082,2558,14000000.0,85000000.0,de,1980
3870,1900,1976,317,7.801,688,9000000.0,,it,1970
38700,Bad Boys for Life,2020,124,7.113,8807,90000000.0,426505244.0,en,2020
38757,Tangled,2010,100,7.614,12512,260000000.0,592461732.0,en,2010
38985,Sorcerer,1977,122,7.457,668,22000000.0,9000000.0,en,1970
391,A Fistful of Dollars,1964,99,7.822,4775,200000.0,14500000.0,it,1960
39254,Real Steel,2011,127,7.126,9360,110000000.0,299300000.0,en,2010
393,Kill Bill: Vol. 2,2004,136,7.9,15225,30000000.0,152159461.0,en,2000
3933,Corpse Bride,2005,77,7.592,10295,40000000.0,118133252.0,en,2000
396,Who's Afraid of Virginia Woolf?,1966,131,7.686,925,7500000.0,33736689.0,en,1960
398818,Call Me by Your Name,2017,132,8.1,12846,3500000.0,43143046.0,en,2010
399055,The Shape of Water,2017,123,7.2,12948,19500000.0,195300000.0,en,2010
399579,Alita: Battle Angel,2019,122,7.268,10193,170000000.0,405000000.0,en,2010
4011,Beetlejuice,1988,92,7.371,8529,15000000.0,84554197.0,en,1980
402,Basic Instinct,1992,128,6.9,4440,49000000.0,352927224.0,en,1990
4024,Last Year at Marienbad,1961,95,7.434,547,,,fr,1960
402900,Ocean's Eight,2018,111,6.954,8877,70000000.0,297718711.0,en,2010
4032,My Girl,1991,103,7.422,2324,17000000.0,59490000.0,en,1990
403587,Return,1985,82,6.141,2701,,,en,1980
405774,Bird Box,2018,124,6.826,10692,19800000.0,,en,2010
406,La Haine,1995,98,8.081,4609,2600000.0,15300000.0,fr,1990
41050,La Notte,1961,122,7.926,744,,,it,1960
4108,The Transporter,2002,92,6.729,5896,21000000.0,43900000.0,en,2000
411,"The Chronicles of Narnia: The Lion, the Witch and the Wardrobe",2005,143,7.14,11624,180000000.0,745013115.0,en,2000
41154,Men in Black 3,2012,106,6.546,11075,225000000.0,654213485.0,en,2010
414,Batman Forever,1995,121,5.5,5649,100000000.0,336529144.0,en,1990
415,Batman & Robin,1997,125,4.396,5466,125000000.0,238207122.0,en,1990
4176,Murder on the Orient Express,1974,128,7.143,1596,1400000.0,35700000.0,en,1970
4192,Death on the Nile,1978,140,7.144,921,7920000.0,14560084.0,en,1970
419430,Get Out,2017,104,7.624,19085,4500000.0,255407969.0,en,2010
420817,Aladdin,2019,127,7.081,10705,183000000.0,1054304000.0,en,2010
420818,The Lion King,2019,118,7.095,10814,260000000.0,1662020819.0,en,2010
422,8½,1963,139,8.083,2551,,,it,1960
42229,A Special Day,1977,106,8.057,775,,,it,1970
42269,We All Loved Each Other So Much,1974,125,8.277,657,,,it,1970
423,The Pianist,2002,150,8.371,10267,35000000.0,120098945.0,en,2000
4232,Scream,1996,112,7.4,8090,14000000.0,173046663.0,en,1990
4235,The Sicilian Clan,1969,121,7.568,374,19000000.0,,fr,1960
424,Schindler's List,1993,195,8.57,17651,22000000.0,321365567.0,en,1990
424694,Bohemian Rhapsody,2018,135,7.955,17884,52000000.0,910813521.0,en,2010
4247,Scary Movie,2000,88,6.425,7984,19000000.0,278023280.0,en,2000
425,Ice Age,2002,81,7.381,14443,59000000.0,383257136.0,en,2000
42801,"Yesterday, Today and Tomorrow",1963,119,7.437,475,,,it,1960
429,"The Good, the Bad and the Ugly",1966,161,8.465,9777,1200000.0,38900000.0,it,1960
429617,Spider-Man: Far From Home,2019,129,7.396,17183,160000000.0,1132723226.0,en,2010
430,"One, Two, Three",1961,109,7.495,426,3000000.0,4000000.0,en,1960
431,Cube,1998,90,6.826,5297,257899.0,8969065.0,en,1990
4327,Charlie's Angels,2000,98,5.852,4560,92000000.0,264105545.0,en,2000
433,Mary Poppins,1964,139,7.546,5044,4650000.0,103100000.0,en,1960
4348,Pride & Prejudice,2005,128,8.055,8835,28000000.0,124604345.0,en,2000
435,The Day After Tomorrow,2004,124,6.561,8980,125000000.0,552639571.0,en,2000
439,La Dolce Vita,1960,174,8.031,2045,,19647000.0,it,1960
44115,127 Hours,2010,94,7.092,8167,18000000.0,35700000.0,en,2010
44214,Black Swan,2010,108,7.685,15681,13000000.0,329398046.0,en,2010
447332,A Quiet Place,2018,91,7.395,15500,17000000.0,340955294.0,en,2010
4476,Legends of the Fall,1994,133,7.4,2897,30000000.0,160638883.0,en,1990
4488,Friday the 13th,1980,95,6.402,3395,550000.0,39925100.0,en,1980
4497,Viridiana,1962,90,7.656,556,,679244.0,es,1960
450465,Glass,2019,129,6.665,9161,20000000.0,246999039.0,en,2010
45243,The Hangover Part II,2011,102,6.513,11388,80000000.0,586764305.0,en,2010
45269,The King's Speech,2010,118,7.733,9392,15000000.0,414211549.0,en,2010
453,A Beautiful Mind,2001,135,7.854,11197,58000000.0,316791257.0,en,2000
454,Romeo + Juliet,1996,120,6.8,5387,14500000.0,147298761.0,en,1990
4543,Monty Python's The Meaning of Life,1983,107,7.304,2132,9000000.0,42749697.0,en,1980
454626,Sonic the Hedgehog,2020,99,7.279,10467,85000000.0,319715683.0,en,2020
4547,Panic Room,2002,111,6.793,5477,48000000.0,197100000.0,en,2000
45612,Source Code,2011,93,7.314,9232,32000000.0,147332697.0,en,2010
458156,John Wick: Chapter 3 - Parabellum,2019,131,7.4,11886,55000000.0,328349908.0,en,2010
4593,The Discreet Charm of the Bourgeoisie,1972,101,7.5,925,800000.0,103230.0,fr,1970
4638,Hot Fuzz,2007,121,7.568,8448,12000000.0,80600000.0,en,2000
464052,Wonder Woman 1984,2020,151,6.364,9138,200000000.0,169601036.0,en,2020
466272,Once Upon a Time... in Hollywood,2019,162,7.422,15018,95000000.0,393869691.0,en,2010
4727,Le Gendarme de Saint-Tropez,1964,89,7.046,944,230769.0,10500000.0,fr,1960
4728,The Gendarme in New York,1965,95,6.311,568,,,fr,1960
4729,The Gendarme Gets Married,1968,90,6.516,613,,,fr,1960
474350,It Chapter Two,2019,169,6.837,9725,79000000.0,473123154.0,en,2010
475,Bonnie and Clyde,1967,111,7.5,1813,2500000.0,70000000.0,en,1960
475557,Joker,2019,122,8.1,27972,55000000.0,1078958629.0,en,2010
4808,Charade,1963,113,7.7,1565,4000000.0,13475000.0,en,1960
48831,My Night at Maud's,1969,110,7.63,359,,,fr,1960
489,Good Will Hunting,1997,127,8.162,14038,10000000.0,225933435.0,en,1990
490132,Green Book,2018,130,8.225,13031,23000000.0,321752656.0,en,2010
49026,The Dark Knight Rises,2012,165,7.796,24594,250000000.0,1081041287.0,en,2010
49047,Gravity,2013,91,7.172,16475,105000000.0,723192705.0,en,2010
49051,The Hobbit: An Unexpected Journey,2012,169,7.379,19815,250000000.0,1021103568.0,en,2010
492,Being John Malkovich,1999,113,7.422,4851,13000000.0,22863596.0,en,1990
4922,The Curious Case of Benjamin Button,2008,166,7.601,13863,150000000.0,335802786.0,en,2000
4929,Hang 'em High,1968,115,6.856,860,1800000.0,6800000.0,en,1960
4935,Howl's Moving Castle,2004,119,8.389,11237,24000000.0,236049757.0,ja,2000
4946,The Swimming Pool,1969,123,7.0,573,,,fr,1960
4951,10 Things I Hate About You,1999,97,7.597,9028,16000000.0,53478166.0,en,1990
49521,Man of Steel,2013,143,6.654,16376,225000000.0,668045518.0,en,2010
49530,In Time,2011,109,6.972,12267,40000000.0,173900000.0,en,2010
49538,X-Men: First Class,2011,132,7.302,13655,160000000.0,353624124.0,en,2010
495764,Birds of Prey (and the Fantabulous Emancipation of One Harley Quinn),2020,109,6.869,10889,75000000.0,205537933.0,en,2020
496243,Parasite,2019,133,8.49,20951,11363000.0,257591776.0,ko,2010
49687,Marriage Italian Style,1964,102,7.7,550,,12800000.0,it,1960
497,The Green Mile,1999,189,8.506,19504,60000000.0,286801374.0,en,1990
497582,Enola Holmes,2020,123,7.226,6707,21000000.0,,en,2020
499,Cléo from 5 to 7,1962,90,7.7,788,,,fr,1960
500,Reservoir Dogs,1992,99,8.112,15624,1200000.0,2859750.0,en,1990
50014,The Help,2011,146,8.206,9147,25000000.0,216600000.0,en,2010
502,Fail Safe,1964,112,7.8,477,,,en,1960
506,Marnie,1964,130,7.1,1236,2135000.0,7000000.0,en,1960
50619,The Twilight Saga: Breaking Dawn - Part 1,2011,117,6.2,9334,110000000.0,712171856.0,en,2010
50620,The Twilight Saga: Breaking Dawn - Part 2,2012,115,6.454,9430,120000000.0,829747654.0,en,2010
50646,"Crazy, Stupid, Love.",2011,118,7.276,9376,50000000.0,145079584.0,en,2010
508,Love Actually,2003,135,7.099,7456,40000000.0,250779876.0,en,2000
508439,Onward,2020,102,7.6,6634,200000000.0,141888276.0,en,2020
508442,Soul,2020,101,8.1,11558,150000000.0,121977511.0,en,2020
509,Notting Hill,1999,124,7.267,6791,42000000.0,363889678.0,en,1990
510,One Flew Over the Cuckoo's Nest,1975,135,8.408,11579,3000000.0,108981275.0,en,1970
512200,Jumanji: The Next Level,2019,123,6.872,9464,125000000.0,801693929.0,en,2010
51497,Fast Five,2011,131,7.245,8959,125000000.0,626100000.0,en,2010
515001,Jojo Rabbit,2019,108,7.98,10528,14000000.0,82468705.0,en,2010
5165,L'Avventura,1960,144,7.5,758,,,it,1960
51876,Limitless,2011,106,7.202,11586,27000000.0,161900000.0,en,2010
522627,The Gentlemen,2020,113,7.7,6712,22000000.0,115171795.0,en,2020
524,Casino,1995,179,7.996,6626,50000000.0,116112375.0,en,1990
524047,Greenland,2020,120,7.127,5429,34000000.0,52300000.0,en,2020
525,The Blues Brothers,1980,133,7.716,4602,27000000.0,115229890.0,en,1980
530915,1917,2019,119,7.985,13693,100000000.0,446064352.0,en,2010
5336,"Salò, or the 120 Days of Sodom",1976,117,6.343,2325,800000.0,1800000.0,it,1970
535,Flashdance,1983,95,6.491,1627,7000000.0,201521203.0,en,1980
539,Psycho,1960,109,8.4,11097,806947.0,50000000.0,en,1960
544,There's Something About Mary,1998,120,6.634,5417,23000000.0,369900000.0,en,1990
545609,Extraction,2020,116,7.289,6685,65000000.0,,en,2020
546554,Knives Out,2019,131,7.84,14217,40000000.0,312897920.0,en,2010
547016,The Old Guard,2020,125,7.096,4877,70000000.0,,en,2020
550,Fight Club,1999,139,8.438,32448,63000000.0,100853753.0,en,1990
5503,The Fugitive,1993,131,7.485,4852,44000000.0,353808222.0,en,1990
551,The Poseidon Adventure,1972,117,7.2,1037,5000000.0,84563118.0,en,1970
5511,Le Samouraï,1967,105,7.777,1274,,215245.0,fr,1960
5548,RoboCop,1987,102,7.364,5822,13000000.0,53424681.0,en,1980
5549,RoboCop 2,1990,117,6.037,2163,35000000.0,45681173.0,en,1990
557,Spider-Man,2002,121,7.338,20937,139000000.0,821708551.0,en,2000
558,Spider-Man 2,2004,127,7.318,16559,200000000.0,788976453.0,en,2000
559,Spider-Man 3,2007,139,6.467,15411,258000000.0,894983373.0,en,2000
5590,Donkey Skin,1970,90,7.215,556,,13200000.0,fr,1970
561,Constantine,2005,121,7.188,8328,100000000.0,230900000.0,en,2000
562,Die Hard,1988,132,7.815,12435,28000000.0,140767956.0,en,1980
56292,Mission: Impossible - Ghost Protocol,2011,133,7.114,10866,145000000.0,694713380.0,en,2010
563,Starship Troopers,1997,129,7.115,5584,105000000.0,121214377.0,en,1990
564,The Mummy,1999,124,6.986,10189,80000000.0,415885488.0,en,1990
565,The Ring,2002,115,6.708,6764,48000000.0,249348933.0,en,2000
568,Apollo 13,1995,140,7.463,6000,52000000.0,355237933.0,en,1990
5689,The Blue Lagoon,1980,104,6.142,2049,4500000.0,58853106.0,en,1980
570670,The Invisible Man,2020,124,7.091,6355,7000000.0,144492724.0,en,2020
571,The Birds,1963,119,7.512,4508,2500000.0,11500000.0,en,1960
57158,The Hobbit: The Desolation of Smaug,2013,161,7.583,14362,250000000.0,958400000.0,en,2010
573,Frenzy,1972,116,7.093,1031,2000000.0,12600000.0,en,1970
576,The Wild Bunch,1969,145,7.6,1357,6244087.0,638641.0,en,1960
577922,Tenet,2020,150,7.175,11281,205000000.0,365304105.0,en,2020
578,Jaws,1975,124,7.683,11676,7000000.0,470653000.0,en,1970
5780,Torn Curtain,1966,127,6.6,666,3000000.0,13000615.0,en,1960
579,Jaws 2,1978,117,6.044,2151,20000000.0,187884000.0,en,1970
58,Pirates of the Caribbean: Dead Man's Chest,2006,151,7.4,17368,200000000.0,1066179747.0,en,2000
581,Dances with Wolves,1990,181,7.847,4746,22000000.0,424208848.0,en,1990
5825,National Lampoon's Christmas Vacation,1989,97,7.229,2732,27000000.0,74542088.0,en,1980
583,Life of Brian,1979,94,7.761,4982,4000000.0,20833252.0,en,1970
583083,The Kissing Booth 2,2020,132,7.604,5153,,,en,2020
584,2 Fast 2 Furious,2003,108,6.522,8242,76000000.0,236350661.0,en,2000
585,"Monsters, Inc.",2001,92,7.855,19993,115000000.0,579700000.0,en,2000
58574,Sherlock Holmes: A Game of Shadows,2011,129,7.146,11028,125000000.0,334615000.0,en,2010
587,Big Fish,2003,125,7.754,7841,70000000.0,123200000.0,en,2000
5879,In the Realm of the Senses,1976,102,6.6,741,,7650000.0,ja,1970
5902,A Bridge Too Far,1977,175,7.202,950,22000000.0,50750000.0,en,1970
590223,Love and Monsters,2020,109,7.268,4507,30000000.0,1122066.0,en,2020
591,The Da Vinci Code,2006,149,6.732,10167,125000000.0,760006945.0,en,2000
5915,Into the Wild,2007,148,7.794,10226,15000000.0,56255142.0,en,2000
5916,The Getaway,1972,123,7.145,672,3352254.0,36734619.0,en,1970
5919,The Towering Inferno,1974,165,7.008,1049,14000000.0,116000000.0,en,1970
592,The Conversation,1974,115,7.502,2057,1600000.0,4794457.0,en,1970
5924,Papillon,1973,151,7.829,2143,12000000.0,53267000.0,en,1970
5925,The Great Escape,1963,173,7.929,2883,4000000.0,11700000.0,en,1960
593,Solaris,1972,167,7.8,1860,,,ru,1970
594,The Terminal,2004,128,7.356,8812,60000000.0,219417255.0,en,2000
595,To Kill a Mockingbird,1962,129,7.991,2897,2000000.0,13129846.0,en,1960
5967,The Umbrellas of Cherbourg,1964,93,7.386,897,200000.0,7600000.0,fr,1960
597,Titanic,1997,194,7.9,27417,200000000.0,2264162353.0,en,1990
598,City of God,2002,129,8.428,8294,3300000.0,30641770.0,pt,2000
59967,Looper,2012,118,6.911,11024,30000000.0,47042000.0,en,2010
600,Full Metal Jacket,1987,117,8.118,11586,30000000.0,46357676.0,en,1980
6003,Romeo and Juliet,1968,138,7.404,736,,38901218.0,en,1960
601,E.T. the Extra-Terrestrial,1982,115,7.518,12107,10500000.0,797307407.0,en,1980
602,Independence Day,1996,145,6.917,10570,75000000.0,817400891.0,en,1990
603,The Matrix,1999,136,8.253,28270,63000000.0,463517383.0,en,1990
6037,Murder by Death,1976,94,7.146,912,,32511047.0,en,1970
604,The Matrix Reloaded,2003,138,7.083,12103,150000000.0,738599701.0,en,2000
605,The Matrix Revolutions,2003,129,6.755,10946,150000000.0,424988211.0,en,2000
607,Men in Black,1997,98,7.226,14983,90000000.0,589390539.0,en,1990
6075,Carlito's Way,1993,144,7.8,3517,30000000.0,63848322.0,en,1990
608,Men in Black II,2002,88,6.389,10750,140000000.0,445135288.0,en,2000
609,Poltergeist,1982,114,7.158,3381,10700000.0,121733131.0,en,1980
6114,Bram Stoker's Dracula,1992,128,7.451,5834,40000000.0,215862692.0,en,1990
613504,After We Collided,2020,105,7.15,5481,14000000.0,47990414.0,en,2020
616,The Last Samurai,2003,154,7.611,7643,140000000.0,456800000.0,en,2000
61791,Rise of the Planet of the Apes,2011,105,7.346,12872,93000000.0,481800873.0,en,2010
619,The Bodyguard,1992,129,6.704,3285,25000000.0,411006740.0,en,1990
62,2001: A Space Odyssey,1968,149,8.048,12741,12000000.0,71923560.0,en,1960
620,Ghostbusters,1984,105,7.497,9842,30000000.0,296640120.0,en,1980
621,Grease,1978,110,7.367,7724,6000000.0,396271103.0,en,1970
62177,Brave,2012,93,7.0,14301,185000000.0,538983207.0,en,2010
62211,Monsters University,2013,104,7.055,11425,200000000.0,743559465.0,en,2010
623,A Fish Called Wanda,1988,109,7.211,2459,7500000.0,188593712.0,en,1980
624,Easy Rider,1969,96,7.0,2187,400000.0,60000000.0,en,1960
627,Trainspotting,1996,94,7.958,10494,4000000.0,71981823.0,en,1990
628,Interview with the Vampire,1994,123,7.389,6502,60000000.0,223664608.0,en,1990
629,The Usual Suspects,1995,106,8.166,11539,6000000.0,23300000.0,en,1990
63,Twelve Monkeys,1995,129,7.611,9232,29000000.0,168841459.0,en,1990
634,Bridget Jones's Diary,2001,97,6.742,5555,25000000.0,281929795.0,en,2000
635302,Demon Slayer -Kimetsu no Yaiba- The Movie: Mugen Train,2020,117,8.223,4596,15700000.0,523542183.0,ja,2020
636,THX 1138,1971,86,6.441,1075,777000.0,2437000.0,en,1970
637,Life Is Beautiful,1997,116,8.439,14100,20000000.0,230098753.0,it,1990
639,When Harry Met Sally...,1989,96,7.406,4649,16000000.0,92823546.0,en,1980
640,Catch Me If You Can,2002,141,7.978,17296,52000000.0,352114312.0,en,2000
6404,Nosferatu the Vampyre,1979,107,7.3,1095,1400000.0,3451.0,de,1970
641,Requiem for a Dream,2000,102,8.0,11122,4500000.0,7390108.0,en,2000
642,Butch Cassidy and the Sundance Kid,1969,111,7.607,2497,6000000.0,102308889.0,en,1960
644,A.I. Artificial Intelligence,2001,146,7.066,6740,100000000.0,235926552.0,en,2000
646,Dr. No,1962,110,6.985,4109,1000000.0,59000000.0,en,1960
64682,The Great Gatsby,2013,143,7.35,13040,105000000.0,351040419.0,en,2010
64688,21 Jump Street,2012,109,6.9,11136,42000000.0,201585328.0,en,2010
64690,Drive,2011,100,7.584,13784,15000000.0,79713640.0,en,2010
6471,The Jerk,1979,94,6.88,918,4000000.0,100000000.0,en,1970
6479,I Am Legend,2007,101,7.218,17035,150000000.0,585410052.0,en,2000
649,Belle de Jour,1967,101,7.3,1026,,,fr,1960
65,8 Mile,2002,111,7.147,7889,41000000.0,242875078.0,en,2000
650,Boyz n the Hood,1991,112,7.631,2294,6500000.0,57504069.0,en,1990
651,M*A*S*H,1970,116,6.942,1169,3500000.0,81600000.0,en,1970
652,Troy,2004,163,7.182,11253,175000000.0,497409852.0,en,2000
655,"Paris, Texas",1984,145,8.1,2255,1750000.0,2181987.0,en,1980
657,From Russia with Love,1963,115,7.063,3416,2000000.0,78900000.0,en,1960
658,Goldfinger,1964,110,7.362,4025,3000000.0,124900000.0,en,1960
660,Thunderball,1965,130,6.668,2680,9000000.0,141200000.0,en,1960
662,La Jetée,1962,29,7.867,1014,,,fr,1960
664,Twister,1996,113,6.564,3904,92000000.0,494471524.0,en,1990
6644,El Dorado,1966,126,7.364,591,4653000.0,6000000.0,en,1960
664413,365 Days,2020,114,6.992,9559,,9458590.0,pl,2020
667,You Only Live Twice,1967,117,6.6,2521,9500000.0,111600000.0,en,1960
668,On Her Majesty's Secret Service,1969,142,6.556,2181,7000000.0,82000000.0,en,1960
670,Oldboy,2003,120,8.234,10003,3000000.0,17500000.0,ko,2000
671,Harry Potter and the Philosopher's Stone,2001,152,7.901,29878,125000000.0,976475550.0,en,2000
672,Harry Potter and the Chamber of Secrets,2002,161,7.707,23801,100000000.0,876688482.0,en,2000
673,Harry Potter and the Prisoner of Azkaban,2004,141,8.0,23373,130000000.0,789804554.0,en,2000
674,Harry Potter and the Goblet of Fire,2005,157,7.8,22386,150000000.0,895921036.0,en,2000
675,Harry Potter and the Order of the Phoenix,2007,138,7.673,20991,150000000.0,938212738.0,en,2000
676,Pearl Harbor,2001,183,6.935,7082,140000000.0,449220945.0,en,2000
679,Aliens,1986,137,7.966,10989,18500000.0,183316455.0,en,1980
68,Brazil,1985,143,7.7,3753,15000000.0,9953708.0,en,1980
680,Pulp Fiction,1994,154,8.482,30504,8000000.0,213928762.0,en,1990
681,Diamonds Are Forever,1971,120,6.407,2407,7200000.0,116019547.0,en,1970
682,The Man with the Golden Gun,1974,125,6.457,2314,7000000.0,97600000.0,en,1970
686,Contact,1997,150,7.447,5070,90000000.0,171120329.0,en,1990
68718,Django Unchained,2012,165,8.193,28278,100000000.0,425368238.0,en,2010
68721,Iron Man 3,2013,130,6.933,23598,200000000.0,1215577205.0,en,2010
68726,Pacific Rim,2013,131,6.939,13571,180000000.0,411000000.0,en,2010
68734,Argo,2012,120,7.285,9045,44500000.0,232300000.0,en,2010
691,The Spy Who Loved Me,1977,125,6.822,2270,13500000.0,185438673.0,en,1970
6916,"Watch Out, We're Mad",1974,102,7.45,899,,36782781.0,it,1970
694,The Shining,1980,144,8.202,19114,19000000.0,44781695.0,en,1980
6957,The 40 Year Old Virgin,2005,116,6.428,7312,26000000.0,177400000.0,en,2000
696,Manhattan,1979,96,7.707,2643,9000000.0,40194067.0,en,1970
6977,No Country for Old Men,2007,122,7.949,13520,25000000.0,171627166.0,en,2000
6978,Big Trouble in Little China,1986,100,7.215,3416,25000000.0,11102672.0,en,1980
698,Moonraker,1979,126,6.191,2255,34000000.0,210308099.0,en,1970
699,For Your Eyes Only,1981,128,6.545,2113,28000000.0,195300000.0,en,1980
70,Million Dollar Baby,2004,132,7.954,10447,30000000.0,216763646.0,en,2000
700,Octopussy,1983,131,6.4,2249,27500000.0,187500000.0,en,1980
70160,The Hunger Games,2012,142,7.224,23477,75000000.0,694000000.0,en,2010
703,Annie Hall,1977,93,7.7,4284,4000000.0,43989445.0,en,1970
704,A Hard Day's Night,1964,88,7.321,750,560000.0,11000000.0,en,1960
707,A View to a Kill,1985,131,6.255,2231,30000000.0,152427960.0,en,1980
708,The Living Daylights,1987,130,6.543,2060,40000000.0,191185897.0,en,1980
709,Licence to Kill,1989,133,6.435,2199,32000000.0,156167015.0,en,1980
70981,Prometheus,2012,124,6.601,13392,130000000.0,403354469.0,en,2010
710,GoldenEye,1995,130,6.906,4396,60000000.0,352194034.0,en,1990
712,Four Weddings and a Funeral,1994,117,6.777,3021,4400000.0,245700832.0,en,1990
7191,Cloverfield,2008,85,6.722,7953,25000000.0,170764026.0,en,2000
72105,Ted,2012,107,6.456,13297,50000000.0,549368315.0,en,2010
72190,World War Z,2013,116,6.846,16782,200000000.0,531865000.0,en,2010
73,American History X,1998,119,8.327,12713,20000000.0,23900000.0,en,1990
7326,Juno,2007,96,7.063,7701,7500000.0,232372681.0,en,2000
7340,Carrie,1976,98,7.335,4361,1800000.0,33800000.0,en,1970
7345,There Will Be Blood,2007,158,8.068,7560,25000000.0,77208711.0,en,2000
74,War of the Worlds,2005,117,6.557,9330,132000000.0,603873119.0,en,2000
744,Top Gun,1986,110,7.071,9711,15000000.0,356830601.0,en,1980
7443,Chicken Run,2000,84,6.849,5457,45000000.0,224834564.0,en,2000
745,The Sixth Sense,1999,107,7.955,13031,40000000.0,672800000.0,en,1990
747,Shaun of the Dead,2004,99,7.545,9470,6000000.0,39396175.0,en,2000
75,Mars Attacks!,1996,106,6.4,5933,70000000.0,101371017.0,en,1990
752,V for Vendetta,2006,132,7.901,15716,54000000.0,134686457.0,en,2000
754,Face/Off,1997,139,7.059,5988,80000000.0,245700000.0,en,1990
755,From Dusk Till Dawn,1996,108,7.046,6572,19000000.0,25800000.0,en,1990
75612,Oblivion,2013,124,6.686,11640,120000000.0,286168572.0,en,2010
75656,Now You See Me,2013,116,7.329,16937,75000000.0,351723989.0,en,2010
76,Before Sunrise,1995,101,7.969,4756,2500000.0,5987386.0,en,1990
760,The Mad Adventures of Rabbi Jacob,1973,100,7.378,1068,4500000.0,57000000.0,fr,1970
761,The Wing or the Thigh?,1976,104,7.207,975,5133623.0,,fr,1970
762,Monty Python and the Holy Grail,1975,91,7.804,6480,400000.0,5763644.0,en,1970
76203,12 Years a Slave,2013,134,7.9,12087,20000000.0,187000000.0,en,2010
76338,Thor: The Dark World,2013,112,6.512,18465,170000000.0,644783140.0,en,2010
76341,Mad Max: Fury Road,2015,121,7.635,24294,150000000.0,378858340.0,en,2010
764,The Evil Dead,1982,85,7.275,4574,350000.0,29400000.0,en,1980
76492,Hotel Transylvania,2012,91,6.968,9264,85000000.0,358375603.0,en,2010
765,Evil Dead II,1987,84,7.54,3561,3500000.0,5932279.0,en,1980
766,Army of Darkness,1992,81,7.258,3582,11000000.0,21502976.0,en,1990
767,Harry Potter and the Half-Blood Prince,2009,153,7.682,20974,250000000.0,933959197.0,en,2000
769,GoodFellas,1990,145,8.5,14542,25000000.0,47072327.0,en,1990
77,Memento,2000,113,8.175,16462,9000000.0,40060108.0,en,2000
771,Home Alone,1990,103,7.469,12627,18000000.0,476684675.0,en,1990
772,Home Alone 2: Lost in New York,1992,120,6.791,10726,18000000.0,358994850.0,en,1990
773,Little Miss Sunshine,2006,102,7.692,7931,8000000.0,100523351.0,en,2000
77338,The Intouchables,2011,113,8.272,18615,13000000.0,426590315.0,fr,2010
78,Blade Runner,1982,118,7.9,15162,28000000.0,41722424.0,en,1980
782,Gattaca,1997,107,7.568,7003,36000000.0,12532777.0,en,1990
783,Gandhi,1982,192,7.558,2525,22000000.0,77737889.0,en,1980
7857,Amarcord,1973,123,7.872,1225,,,it,1970
787,Mr. & Mrs. Smith,2005,120,6.692,11332,110000000.0,487287646.0,en,2000
788,Mrs. Doubtfire,1993,125,7.201,6689,25000000.0,441286195.0,en,1990
790,The Fog,1980,90,6.742,1777,1000000.0,21448830.0,en,1980
792,Platoon,1986,120,7.751,5183,6000000.0,138530565.0,en,1980
793,Blue Velvet,1986,120,7.6,3868,6000000.0,8636706.0,en,1980
794,The Omen,1976,111,7.408,2439,2800000.0,60922980.0,en,1970
797,Persona,1966,85,8.1,2439,,250000.0,sv,1960
8009,Highlander,1986,116,6.9,2957,19000000.0,12900000.0,en,1980
801,"Good Morning, Vietnam",1987,121,7.304,3040,13000000.0,123922370.0,en,1980
802,Lolita,1962,154,7.307,2267,2000000.0,9250000.0,en,1960
805,Rosemary's Baby,1968,138,7.816,4425,3200000.0,33395426.0,en,1960
8069,Barbarella,1968,98,6.0,856,9000000.0,2500000.0,en,1960
807,Se7en,1995,127,8.4,23390,33000000.0,327311859.0,en,1990
8072,Alphaville,1965,99,6.9,624,220000.0,46585.0,fr,1960
8073,Band of Outsiders,1964,97,7.5,614,120000.0,182857.0,fr,1960
8077,Alien³,1992,114,6.389,6453,50000000.0,159773545.0,en,1990
8078,Alien Resurrection,1997,109,6.174,5641,70000000.0,162000000.0,en,1990
808,Shrek,2001,90,7.773,19017,60000000.0,489676241.0,en,2000
809,Shrek 2,2004,92,7.327,13591,150000000.0,932542741.0,en,2000
8095,Cleopatra,1963,251,7.0,862,36115000.0,57779280.0,en,1960
81,Warriors of the Wind,1984,95,7.947,4127,1000000.0,9016411.0,ja,1980
810,Shrek the Third,2007,93,6.313,9879,160000000.0,808310187.0,en,2000
811,Silent Running,1972,89,6.388,648,1000000.0,,en,1970
812,Aladdin,1992,91,7.656,12125,28000000.0,504050219.0,en,1990
813,Airplane!,1980,88,7.306,5136,3500000.0,83453539.0,en,1980
814,An American Werewolf in London,1981,97,7.392,2741,10000000.0,31973249.0,en,1980
819,Sleepers,1996,147,7.598,3951,44000000.0,165600000.0,en,1990
820,JFK,1991,189,7.594,2452,40000000.0,205405498.0,en,1990
821,Judgment at Nuremberg,1961,191,8.0,963,3000000.0,10000000.0,en,1960
82690,Wreck-It Ralph,2012,101,7.361,13180,165000000.0,471222889.0,en,2010
82693,Silver Linings Playbook,2012,122,7.154,12722,21000000.0,236412453.0,en,2010
829,Chinatown,1974,130,7.906,4315,6000000.0,30000000.0,en,1970
8290,Don't Look Now... We're Being Shot At!,1966,132,7.926,1475,,,fr,1960
82992,Fast & Furious 6,2013,130,6.817,11265,160000000.0,788700000.0,en,2010
8333,The Taking of Pelham One Two Three,1974,105,7.5,633,,,en,1970
8337,They Live,1988,93,7.3,3534,4000000.0,13000000.0,en,1980
8348,Thunderbolt and Lightfoot,1974,116,6.789,654,4000000.0,25000000.0,en,1970
8355,Ice Age: Dawn of the Dinosaurs,2009,94,6.773,8962,90000000.0,886686817.0,en,2000
8358,Cast Away,2000,143,7.666,12389,90000000.0,429632142.0,en,2000
8363,Superbad,2007,113,7.269,8197,20000000.0,170800000.0,en,2000
8367,Robin Hood: Prince of Thieves,1991,143,6.856,3632,48000000.0,390493908.0,en,1990
837,Videodrome,1983,88,7.244,2510,5952000.0,2120439.0,en,1980
8373,Transformers: Revenge of the Fallen,2009,150,6.223,9275,200000000.0,836304167.0,en,2000
838,American Graffiti,1973,112,7.042,1602,777000.0,140000000.0,en,1970
839,Duel,1971,74,7.421,2103,450000.0,2544.0,en,1970
8392,My Neighbor Totoro,1988,86,8.064,8931,3700000.0,41000000.0,ja,1980
8393,The Gods Must Be Crazy,1980,109,7.272,1334,5000000.0,200000000.0,en,1980
840,Close Encounters of the Third Kind,1977,137,7.358,4755,20000000.0,306889114.0,en,1970
841,Dune,1984,136,6.187,3465,40000000.0,31502434.0,en,1980
8416,The Conformist,1971,108,7.641,772,750000.0,233493.0,it,1970
8422,Rocco and His Brothers,1960,178,8.006,666,,,it,1960
8467,Dumb and Dumber,1994,107,6.66,6813,16000000.0,247275374.0,en,1990
8469,Animal House,1978,109,6.952,1686,2700000.0,141000000.0,en,1970
847,Willow,1988,126,7.005,2196,35000000.0,57300000.0,en,1980
8488,Hitch,2005,118,6.585,6294,70000000.0,371600000.0,en,2000
84892,The Perks of Being a Wallflower,2012,103,7.805,11318,13000000.0,33384127.0,en,2010
85,Raiders of the Lost Ark,1981,115,7.926,13785,18000000.0,389925971.0,en,1980
850,A Christmas Story,1983,93,7.236,1437,3300000.0,20700000.0,en,1980
8536,Superman II,1980,127,6.762,2556,54000000.0,216385706.0,en,1980
854,The Mask,1994,101,6.995,11410,23000000.0,351583407.0,en,1990
855,Black Hawk Down,2001,145,7.395,6452,92000000.0,172989651.0,en,2000
856,Who Framed Roger Rabbit,1988,104,7.54,6244,70000000.0,329800000.0,en,1980
857,Saving Private Ryan,1998,169,8.231,17490,70000000.0,481840909.0,en,1990
858,Sleepless in Seattle,1993,105,6.745,2621,21000000.0,227799884.0,en,1990
8587,The Lion King,1994,89,8.253,19885,45000000.0,763455561.0,en,1990
860,WarGames,1983,114,7.1,2203,12000000.0,124600000.0,en,1980
861,Total Recall,1990,113,7.324,6556,65000000.0,261317921.0,en,1990
862,Toy Story,1995,81,7.984,20221,30000000.0,962301978.0,en,1990
863,Toy Story 2,1999,92,7.618,15130,90000000.0,497375404.0,en,1990
865,The Running Man,1987,101,6.538,2895,27000000.0,38122105.0,en,1980
8681,Taken,2008,94,7.409,12213,25000000.0,226830568.0,en,2000
8689,Cannibal Holocaust,1980,95,6.249,1901,100000.0,2000000.0,it,1980
87,Indiana Jones and the Temple of Doom,1984,118,7.311,10219,28000000.0,333000000.0,en,1980
871,Planet of the Apes,1968,112,7.7,4016,5800000.0,32589624.0,en,1960
873,The Color Purple,1985,154,7.725,2004,15000000.0,146300000.0,en,1980
874,A Man for All Seasons,1966,120,7.336,501,3900000.0,28350000.0,en,1960
8769,Christine,1983,110,6.879,2283,9700000.0,21200000.0,en,1980
87827,Life of Pi,2012,127,7.4,13869,120000000.0,609016565.0,en,2010
879,Hook,1991,142,6.846,5806,70000000.0,300854823.0,en,1990
88,Dirty Dancing,1987,100,7.3,6576,6000000.0,214577242.0,en,1980
881,A Few Good Men,1992,138,7.555,4227,40000000.0,243240178.0,en,1990
8810,Mad Max 2,1981,96,7.391,4231,2000000.0,24600832.0,en,1980
8839,Casper,1995,100,6.3,4976,50000000.0,287928194.0,en,1990
8844,Jumanji,1995,104,7.249,11410,65000000.0,262821940.0,en,1990
8856,The Karate Kid Part II,1986,113,6.35,2517,13000000.0,115103979.0,en,1980
8871,How the Grinch Stole Christmas,2000,105,6.781,8351,123000000.0,345800000.0,en,2000
8872,Wayne's World,1992,94,6.685,2500,20000000.0,183097323.0,en,1990
888,The Flintstones,1994,91,5.378,2646,46000000.0,341631208.0,en,1990
89,Indiana Jones and the Last Crusade,1989,127,7.854,11184,48000000.0,474171806.0,en,1980
8909,Wanted,2008,110,6.53,7678,75000000.0,342463063.0,en,2000
891,All the President's Men,1976,138,7.653,2108,8500000.0,70600000.0,en,1970
8913,Pet Sematary,1989,103,6.653,2412,11500000.0,57500000.0,en,1980
8916,Antz,1998,83,6.19,4789,60000000.0,171757863.0,en,1990
892,Delicatessen,1991,99,7.308,1649,4000000.0,1794187.0,fr,1990
895,Andrei Rublev,1966,183,7.935,959,1300000.0,24173.0,ru,1960
8960,Hancock,2008,92,6.357,10351,150000000.0,629400000.0,en,2000
8966,Twilight,2008,122,6.281,14512,37000000.0,393616788.0,en,2000
90,Beverly Hills Cop,1984,105,7.211,4651,14000000.0,316360478.0,en,1980
9003,Hellraiser,1987,93,6.884,2917,1000000.0,14580380.0,en,1980
903,Cool Hand Luke,1967,127,7.74,1636,3200000.0,16217773.0,en,1960
9040,Serpico,1973,129,7.526,2216,3500000.0,30800000.0,en,1970
9062,Love Story,1970,100,6.826,743,2200000.0,136400000.0,en,1970
907,Doctor Zhivago,1965,200,7.553,1286,11000000.0,111858363.0,en,1960
9078,The Sword in the Stone,1963,79,7.227,4139,3000000.0,22200000.0,en,1960
912,The Thomas Crown Affair,1968,102,6.8,585,4300000.0,14000000.0,en,1960
916,Bullitt,1968,113,7.146,1309,5500000.0,42300000.0,en,1960
920,Cars,2006,117,7.042,15284,120000000.0,461983149.0,en,2000
923,Dawn of the Dead,1978,127,7.5,2330,640000.0,55000000.0,en,1970
925,Do the Right Thing,1989,120,7.8,2020,6500000.0,37300000.0,en,1980
927,Gremlins,1984,106,7.143,7049,11000000.0,153083102.0,en,1980
9273,Ace Ventura: When Nature Calls,1995,90,6.344,4622,30000000.0,212385533.0,en,1990
9277,The Sting,1973,129,8.0,3024,5500000.0,159616327.0,en,1970
928,Gremlins 2: The New Batch,1990,106,6.527,2943,50000000.0,41482207.0,en,1990
9281,Witness,1985,112,7.09,1920,12000000.0,116107459.0,en,1980
9289,The Longest Day,1962,178,7.605,1036,10000000.0,50100000.0,en,1960
931,Don't Look Now,1973,110,6.923,1199,1500000.0,,en,1970
9314,Nineteen Eighty-Four,1984,113,6.787,1662,7430072.0,8430492.0,en,1980
9317,The Cabbage Soup,1981,98,6.388,949,,,fr,1980
9319,The Last Boy Scout,1991,105,6.849,2188,29000000.0,114500000.0,en,1990
9322,Nikita,1990,117,7.112,2174,6000000.0,5018604.0,fr,1990
9325,The Jungle Book,1967,78,7.287,6718,4000000.0,378000000.0,en,1960
9326,Romancing the Stone,1984,106,6.772,2072,10000000.0,86572238.0,en,1980
9327,The Nutty Professor,1996,95,5.6,3153,54000000.0,128769345.0,en,1990
9336,Police Academy,1984,97,6.715,3034,4500000.0,81198894.0,en,1980
9339,Click,2006,107,6.309,7641,82500000.0,240685326.0,en,2000
9340,The Goonies,1985,114,7.515,6297,19000000.0,69649283.0,en,1980
9342,The Mask of Zorro,1998,138,6.585,4381,95000000.0,250288523.0,en,1990
93456,Despicable Me 2,2013,98,6.947,12088,76000000.0,970766005.0,en,2010
9346,Risky Business,1983,98,6.589,1488,6200000.0,63541777.0,en,1980
935,Dr. Strangelove or: How I Learned to Stop Worrying and Love the Bomb,1964,95,8.12,6223,1800000.0,9500000.0,en,1960
9350,Cliffhanger,1993,113,6.519,2675,70000000.0,255000211.0,en,1990
9354,"Honey, I Shrunk the Kids",1989,93,6.331,3372,18000000.0,222724172.0,en,1980
9355,Mad Max Beyond Thunderdome,1985,107,6.226,3304,10000000.0,36230219.0,en,1980
936,The Pink Panther,1963,115,6.842,1193,,10878107.0,en,1960
9361,The Last of the Mohicans,1992,112,7.387,3474,40000000.0,75505856.0,en,1990
9362,Tremors,1990,96,6.939,3619,11000000.0,48572000.0,en,1990
9374,Death Becomes Her,1992,104,6.78,3004,55000000.0,149000000.0,en,1990
9377,Ferris Bueller's Day Off,1986,103,7.564,5447,6000000.0,70100000.0,en,1980
938,For a Few Dollars More,1965,132,8.025,4529,600000.0,15000000.0,it,1960
9385,The Twelve Tasks of Asterix,1976,82,7.34,1361,,,fr,1970
9387,Conan the Barbarian,1982,130,6.804,2847,20000000.0,68851475.0,en,1980
9390,Jerry Maguire,1996,139,6.998,3787,50000000.0,273600000.0,en,1990
9394,They Call Me Trinity,1970,115,7.5,1477,,,it,1970
941,Lethal Weapon,1987,110,7.301,5109,15000000.0,120207127.0,en,1980
942,Lethal Weapon 2,1989,114,7.045,3794,25000000.0,227853986.0,en,1980
9426,The Fly,1986,96,7.438,5029,15000000.0,60629159.0,en,1980
943,Lethal Weapon 3,1992,118,6.731,3298,35000000.0,321731527.0,en,1990
9443,Chariots of Fire,1981,123,6.79,1051,5500000.0,58972904.0,en,1980
9444,Anastasia,1997,94,7.607,5651,53000000.0,139804348.0,en,1990
9453,Caligula,1979,156,5.991,994,17500000.0,23400000.0,it,1970
9461,Enter the Dragon,1973,102,7.424,2119,850000.0,21531361.0,en,1970
9462,The Way of the Dragon,1972,100,7.4,1311,130000.0,27000000.0,cn,1970
947,Lawrence of Arabia,1962,228,7.999,3489,15000000.0,70000000.0,en,1960
9474,My Name Is Nobody,1973,117,7.272,1069,,,it,1970
9475,Scent of a Woman,1992,156,7.791,4002,31000000.0,134100000.0,en,1990
9479,The Nightmare Before Christmas,1993,76,7.834,10434,18000000.0,75634409.0,en,1990
948,Halloween,1978,91,7.561,6253,325000.0,70260597.0,en,1970
9487,A Bug's Life,1998,95,6.981,9807,80000000.0,363258859.0,en,1990
949,Heat,1995,170,7.9,8498,60000000.0,187400000.0,en,1990
9493,Twins,1988,107,6.05,2554,15000000.0,216614388.0,en,1980
9494,Look Who's Talking,1989,96,6.287,2488,7500000.0,296999813.0,en,1980
9495,The Crow,1994,102,7.529,4586,23000000.0,93722164.0,en,1990
95,Armageddon,1998,151,6.833,8686,140000000.0,553799566.0,en,1990
950,Ice Age: The Meltdown,2006,91,6.725,10435,80000000.0,660998756.0,en,2000
9502,Kung Fu Panda,2008,90,7.332,12803,130000000.0,632091832.0,en,2000
951,Kindergarten Cop,1990,111,6.129,2843,15000000.0,201957688.0,en,1990
953,Madagascar,2005,86,6.927,11844,75000000.0,542064525.0,en,2000
9531,Superman III,1983,125,5.512,1907,39000000.0,80250623.0,en,1980
9532,Final Destination,2000,98,6.643,6796,23000000.0,112880294.0,en,2000
9538,Scanners,1981,103,6.713,1378,4100000.0,14225876.0,en,1980
954,Mission: Impossible,1996,111,7.026,10089,80000000.0,457696391.0,en,1990
955,Mission: Impossible II,2000,123,6.143,7669,125000000.0,546388108.0,en,2000
9552,The Exorcist,1973,122,7.746,8742,11000000.0,430872776.0,en,1970
956,Mission: Impossible III,2006,126,6.767,7709,150000000.0,398479497.0,en,2000
957,Spaceballs,1987,96,6.884,3467,22700000.0,38120460.0,en,1980
9576,Tootsie,1982,116,7.204,1946,21000000.0,177200000.0,en,1980
9589,Christiane F.,1981,131,7.341,1454,4000000.0,,de,1980
9593,Last Action Hero,1993,131,6.484,3041,85000000.0,137298489.0,en,1990
9595,Hot Shots!,1991,85,6.588,2483,26000000.0,181096164.0,en,1990
96,Beverly Hills Cop II,1987,103,6.534,2860,28000000.0,299965036.0,en,1980
9602,Coming to America,1988,117,6.884,4796,30000000.0,288752301.0,en,1980
9603,Clueless,1995,97,7.249,4848,12000000.0,56631572.0,en,1990
9610,Conan the Destroyer,1984,103,6.141,1691,18000000.0,31042035.0,en,1980
9614,Happy Gilmore,1996,92,6.678,3392,12000000.0,41422354.0,en,1990
9615,The Fast and the Furious: Tokyo Drift,2006,104,6.55,7730,85000000.0,158964610.0,en,2000
9618,Tango & Cash,1989,104,6.5,2151,55000000.0,63408614.0,en,1980
9654,The Italian Job,2003,110,6.798,6092,60000000.0,176070171.0,en,2000
9659,Mad Max,1979,91,6.683,5020,350000.0,100000000.0,en,1970
966,The Magnificent Seven,1960,128,7.504,2019,2000000.0,19500000.0,en,1960
967,Spartacus,1960,197,7.5,2411,12000000.0,60000000.0,en,1960
9671,Crocodile Dundee,1986,97,6.45,2154,5000000.0,328203506.0,en,1980
9679,Gone in Sixty Seconds,2000,118,6.471,4941,90000000.0,237200000.0,en,2000
968,Dog Day Afternoon,1975,125,7.8,3424,1800000.0,56665856.0,en,1970
9693,Children of Men,2006,109,7.613,7957,76000000.0,70595464.0,en,2000
97,Tron,1982,96,6.627,2797,17000000.0,33002371.0,en,1980
9725,Friday the 13th Part 2,1981,86,6.195,1941,1250000.0,21724205.0,en,1980
9728,Friday the 13th Part III,1982,95,5.879,1628,2300000.0,36697702.0,en,1980
9732,The Lion King II: Simba's Pride,1998,81,6.943,4709,,,en,1990
9737,Bad Boys,1995,119,6.8,7031,19000000.0,141407024.0,en,1990
9738,Fantastic Four,2005,106,5.808,10078,100000000.0,333535934.0,en,2000
9739,Demolition Man,1993,115,6.758,4170,57000000.0,159055768.0,en,1990
9741,Unbreakable,2000,106,7.145,10010,75000000.0,248118121.0,en,2000
9764,Dersu Uzala,1975,141,7.931,634,4000000.0,,ru,1970
9798,Enemy of the State,1998,132,7.075,4329,90000000.0,250649836.0,en,1990
9799,The Fast and the Furious,2001,106,7.012,10961,38000000.0,207283925.0,en,2000
98,Gladiator,2000,155,8.23,21156,103000000.0,465516248.0,en,2000
9800,Philadelphia,1993,126,7.709,4688,26000000.0,206678440.0,en,1990
9802,The Rock,1996,137,7.151,5258,75000000.0,335062621.0,en,1990
9806,The Incredibles,2004,115,7.728,19063,92000000.0,631442092.0,en,2000
982,The Manchurian Candidate,1962,126,7.501,819,2200000.0,7700000.0,en,1960
9820,The Parent Trap,1998,128,7.216,4573,15000000.0,92108518.0,en,1990
983,The Man Who Would Be King,1975,129,7.493,720,8000000.0,12678.0,en,1970
9837,The Prince of Egypt,1998,99,7.3,4357,70000000.0,218613188.0,en,1990
984,Dirty Harry,1971,102,7.451,2782,4000000.0,35976000.0,en,1970
985,Eraserhead,1977,89,7.334,2775,100000.0,7100000.0,en,1970
9874,Cobra,1986,87,6.153,1988,25000000.0,49042224.0,en,1980
990,The Hustler,1961,134,7.659,1104,2000000.0,7600000.0,en,1960
9929,Asterix and Cleopatra,1968,72,6.9,1039,,1090041.0,fr,1960
993,Sleuth,1972,138,7.694,729,3500000.0,5750000.0,en,1970
994,Straw Dogs,1971,116,7.165,1078,2200000.0,3251794.0,en,1970
9960,Lord of the Flies,1963,92,6.678,584,250000.0,,en,1960
99861,Avengers: Age of Ultron,2015,141,7.275,24664,235000000.0,1405403694.0,en,2010
9994,The Great Mouse Detective,1986,74,7.053,1819,14000000.0,38600000.0,en,1980
