movie_id,year,decade,genre
100,1998,1990,Comedy
100,1998,1990,Crime
10014,1985,1980,Horror
10020,1991,1990,Romance
10020,1991,1990,Family
10020,1991,1990,Animation
10020,1991,1990,Fantasy
100402,2014,2010,Action
100402,2014,2010,Adventure
100402,2014,2010,Science Fiction
10072,1987,1980,Horror
10072,1987,1980,Thriller
10072,1987,1980,Fantasy
101,1994,1990,Crime
101,1994,1990,Drama
101,1994,1990,Action
10110,1987,1980,Drama
10110,1987,1980,History
10110,1987,1980,War
10112,1970,1970,Animation
10112,1970,1970,Comedy
10112,1970,1970,Family
10112,1970,1970,Adventure
101299,2013,2010,Adventure
101299,2013,2010,Action
101299,2013,2010,Science Fiction
10137,1999,1990,Family
10137,1999,1990,Fantasy
10137,1999,1990,Comedy
10137,1999,1990,Adventure
10138,2010,2010,Adventure
10138,2010,2010,Action
10138,2010,2010,Science Fiction
10144,1989,1980,Animation
10144,1989,1980,Family
10144,1989,1980,Fantasy
10157,1985,1980,Comedy
10157,1985,1980,Crime
1018,2001,2000,Thriller
1018,2001,2000,Drama
1018,2001,2000,Mystery
10191,2010,2010,Fantasy
10191,2010,2010,Adventure
10191,2010,2010,Animation
10191,2010,2010,Family
10192,2010,2010,Comedy
10192,2010,2010,Adventure
10192,2010,2010,Fantasy
10192,2010,2010,Animation
10192,2010,2010,Family
10193,2010,2010,Animation
10193,2010,2010,Family
10193,2010,2010,Comedy
10195,2011,2010,Adventure
10195,2011,2010,Fantasy
10195,2011,2010,Action
10201,2008,2000,Comedy
10201,2008,2000,Romance
10227,1967,1960,Comedy
10238,1972,1970,Drama
102382,2014,2010,Action
102382,2014,2010,Adventure
102382,2014,2010,Science Fiction
10242,1962,1960,Drama
10242,1962,1960,Horror
10242,1962,1960,Thriller
10243,1965,1960,Adventure
10243,1965,1960,Drama
10246,1981,1980,Comedy
102651,2014,2010,Fantasy
102651,2014,2010,Adventure
102651,2014,2010,Action
102651,2014,2010,Family
102651,2014,2010,Romance
102899,2015,2010,Science Fiction
102899,2015,2010,Adventure
102899,2015,2010,Action
103,1976,1970,Crime
103,1976,1970,Drama
10322,1979,1970,Comedy
10322,1979,1970,Drama
10331,1968,1960,Horror
10331,1968,1960,Thriller
10331,1968,1960,Science Fiction
10363,1960,1960,Crime
10363,1960,1960,Drama
10363,1960,1960,Thriller
10386,1999,1990,Animation
10386,1999,1990,Drama
10386,1999,1990,Family
10386,1999,1990,Science Fiction
1040,1963,1960,Drama
10439,1993,1990,Fantasy
10439,1993,1990,Comedy
10439,1993,1990,Family
10489,1983,1980,Drama
10489,1983,1980,Horror
105,1985,1980,Adventure
105,1985,1980,Comedy
105,1985,1980,Science Fiction
1051,1971,1970,Action
1051,1971,1970,Crime
1051,1971,1970,Thriller
10514,1971,1970,Science Fiction
10514,1971,1970,Thriller
10514,1971,1970,Drama
10515,1986,1980,Adventure
10515,1986,1980,Fantasy
10515,1986,1980,Animation
10515,1986,1980,Action
10515,1986,1980,Family
10518,1976,1970,Thriller
10518,1976,1970,Crime
10518,1976,1970,Drama
1052,1966,1960,Drama
1052,1966,1960,Mystery
1052,1966,1960,Thriller
10527,2008,2000,Adventure
10527,2008,2000,Animation
10527,2008,2000,Comedy
10527,2008,2000,Family
10528,2009,2000,Action
10528,2009,2000,Adventure
10528,2009,2000,Mystery
10530,1995,1990,Adventure
10530,1995,1990,Animation
10530,1995,1990,Family
10530,1995,1990,Romance
10536,1969,1960,Crime
10536,1969,1960,Comedy
10536,1969,1960,Thriller
10537,1991,1990,Music
10537,1991,1990,Drama
10545,1996,1990,Drama
10545,1996,1990,Animation
10545,1996,1990,Family
10585,1988,1980,Horror
106,1987,1980,Science Fiction
106,1987,1980,Action
106,1987,1980,Adventure
106,1987,1980,Thriller
10625,2004,2000,Drama
10625,2004,2000,Comedy
10633,1967,1960,Crime
10633,1967,1960,Drama
10633,1967,1960,Mystery
10633,1967,1960,Thriller
10648,1973,1970,Drama
10648,1973,1970,Crime
10648,1973,1970,Action
10649,1976,1970,Crime
10649,1976,1970,Action
10649,1976,1970,Thriller
10650,1983,1980,Thriller
10650,1983,1980,Crime
10650,1983,1980,Action
106646,2013,2010,Crime
106646,2013,2010,Drama
106646,2013,2010,Comedy
10669,1972,1970,Drama
10669,1972,1970,Adventure
10669,1972,1970,Thriller
10671,1970,1970,Drama
10671,1970,1970,Thriller
10671,1970,1970,Action
10673,1987,1980,Crime
10673,1987,1980,Drama
10674,1998,1990,Animation
10674,1998,1990,Family
10674,1998,1990,Adventure
10676,1982,1980,Horror
10676,1982,1980,Science Fiction
10676,1982,1980,Mystery
10681,2008,2000,Animation
10681,2008,2000,Family
10681,2008,2000,Science Fiction
107,2000,2000,Crime
107,2000,2000,Comedy
10730,1976,1970,Adventure
10730,1976,1970,Fantasy
10730,1976,1970,Horror
10734,1979,1970,Drama
10734,1979,1970,Thriller
10747,1976,1970,Western
10764,2008,2000,Adventure
10764,2008,2000,Action
10764,2008,2000,Thriller
10766,1978,1970,Horror
10766,1978,1970,Thriller
10772,1966,1960,Action
10772,1966,1960,Western
10774,1976,1970,Drama
10776,1986,1980,Horror
10776,1986,1980,Comedy
10784,1972,1970,Music
10784,1972,1970,Romance
10784,1972,1970,Drama
10794,1968,1960,Comedy
10803,1976,1970,Action
10803,1976,1970,Science Fiction
10830,1996,1990,Comedy
10830,1996,1990,Family
10830,1996,1990,Fantasy
10843,1985,1980,Comedy
10843,1985,1980,Thriller
10843,1985,1980,Drama
1089,1991,1990,Action
1089,1991,1990,Thriller
1089,1991,1990,Crime
10890,1981,1980,Action
10890,1981,1980,Comedy
1091,1982,1980,Horror
1091,1982,1980,Mystery
1091,1982,1980,Science Fiction
10911,1961,1960,Action
10911,1961,1960,Adventure
10911,1961,1960,Drama
10911,1961,1960,War
10925,1985,1980,Comedy
10925,1985,1980,Horror
10925,1985,1980,Science Fiction
109445,2013,2010,Animation
109445,2013,2010,Family
109445,2013,2010,Adventure
109445,2013,2010,Fantasy
10948,1981,1980,Adventure
10948,1981,1980,Animation
10948,1981,1980,Drama
10948,1981,1980,Family
10999,1985,1980,Action
10999,1985,1980,Adventure
10999,1985,1980,Thriller
11,1977,1970,Adventure
11,1977,1970,Action
11,1977,1970,Science Fiction
11005,1990,1990,Drama
11006,1977,1970,Action
11006,1977,1970,Adventure
11006,1977,1970,Comedy
11009,1977,1970,Drama
11020,1975,1970,Drama
11020,1975,1970,Mystery
1103,1981,1980,Action
1103,1981,1980,Thriller
1103,1981,1980,Science Fiction
11031,1984,1980,Comedy
11031,1984,1980,Music
11033,1980,1980,Thriller
11033,1980,1980,Mystery
11033,1980,1980,Horror
11036,2004,2000,Romance
11036,2004,2000,Drama
11040,1970,1970,Western
11040,1970,1970,Comedy
11040,1970,1970,Adventure
11040,1970,1970,Drama
11046,1968,1960,Adventure
11046,1968,1960,War
11047,1967,1960,Family
11047,1967,1960,Animation
11047,1967,1960,Adventure
11047,1967,1960,Comedy
11072,1974,1970,Western
11072,1974,1970,Comedy
111,1983,1980,Action
111,1983,1980,Crime
111,1983,1980,Drama
11113,1964,1960,Comedy
11113,1964,1960,Romance
11114,1977,1970,Fantasy
11114,1977,1970,Animation
11114,1977,1970,Comedy
11114,1977,1970,Family
11153,1983,1980,Comedy
11153,1983,1980,Adventure
11163,1969,1960,Drama
11163,1969,1960,Fantasy
11165,1970,1970,War
11165,1970,1970,History
11165,1970,1970,Drama
11167,1960,1960,Horror
11167,1960,1960,Thriller
11167,1960,1960,Crime
11183,1978,1970,Comedy
11187,1991,1990,Horror
11187,1991,1990,Thriller
11202,1970,1970,War
11202,1970,1970,Drama
11202,1970,1970,History
11206,1967,1960,Thriller
11206,1967,1960,Crime
11206,1967,1960,Horror
11216,1988,1980,Drama
11216,1988,1980,Romance
11230,1978,1970,Action
11230,1978,1970,Comedy
1124,2006,2000,Drama
1124,2006,2000,Mystery
1124,2006,2000,Science Fiction
11281,1981,1980,Horror
11302,1971,1970,Comedy
11319,1977,1970,Fantasy
11319,1977,1970,Family
11319,1977,1970,Animation
11319,1977,1970,Adventure
11321,2008,2000,Drama
11324,2010,2010,Drama
11324,2010,2010,Thriller
11324,2010,2010,Mystery
11327,1978,1970,Drama
11327,1978,1970,Crime
11336,1983,1980,Thriller
11336,1983,1980,Horror
11336,1983,1980,Science Fiction
11349,1962,1960,Thriller
11349,1962,1960,Drama
11349,1962,1960,Crime
11356,1968,1960,Comedy
11357,1988,1980,Horror
11357,1988,1980,Thriller
114,1990,1990,Romance
114,1990,1990,Comedy
11416,1986,1980,Adventure
11416,1986,1980,Drama
11416,1986,1980,Action
11416,1986,1980,History
11449,1979,1970,Horror
11463,1969,1960,War
11463,1969,1960,History
11463,1969,1960,Action
11463,1969,1960,Drama
11474,1979,1970,Action
11474,1979,1970,Thriller
11481,1965,1960,Drama
11481,1965,1960,Thriller
11481,1965,1960,Horror
11482,1976,1970,Thriller
11482,1976,1970,Mystery
11482,1976,1970,Drama
11484,1975,1970,Science Fiction
11484,1975,1970,Action
11485,1969,1960,Comedy
11485,1969,1960,Crime
115,1998,1990,Comedy
115,1998,1990,Crime
11527,1981,1980,Adventure
11527,1981,1980,Fantasy
11533,1963,1960,Adventure
11533,1963,1960,Family
11533,1963,1960,Fantasy
11536,1961,1960,Drama
11536,1961,1960,Romance
11536,1961,1960,Western
11542,1980,1980,Horror
11542,1980,1980,Science Fiction
11542,1980,1980,Thriller
11544,2002,2000,Animation
11544,2002,2000,Family
11544,2002,2000,Comedy
11544,2002,2000,Science Fiction
11575,1965,1960,Comedy
11575,1965,1960,Adventure
11575,1965,1960,Action
11575,1965,1960,Romance
11575,1965,1960,Western
11575,1965,1960,Family
11576,1963,1960,Adventure
11576,1963,1960,Comedy
11576,1963,1960,Crime
11586,1977,1970,Horror
11589,1970,1970,Adventure
11589,1970,1970,Comedy
11589,1970,1970,War
11602,1961,1960,Drama
11610,1972,1970,Comedy
11610,1972,1970,Romance
11621,1992,1990,Animation
11621,1992,1990,Adventure
11621,1992,1990,Fantasy
11624,1972,1970,Comedy
11631,2008,2000,Comedy
11631,2008,2000,Romance
11639,1982,1980,Adventure
11639,1982,1980,Family
11639,1982,1980,Fantasy
11644,1981,1980,Crime
11644,1981,1980,Mystery
11644,1981,1980,Thriller
11645,1985,1980,Action
11645,1985,1980,Drama
11645,1985,1980,History
11656,1960,1960,Drama
11656,1960,1960,History
11657,1970,1970,Crime
11657,1970,1970,Thriller
11674,1996,1990,Family
11674,1996,1990,Comedy
11686,1975,1970,Comedy
11686,1975,1970,History
11688,2000,2000,Adventure
11688,2000,2000,Animation
11688,2000,2000,Comedy
11688,2000,2000,Family
11688,2000,2000,Fantasy
11689,1977,1970,Action
11689,1977,1970,Comedy
11690,1988,1980,Action
11690,1988,1980,Thriller
11690,1988,1980,Drama
11697,1962,1960,Western
117,1987,1980,Crime
117,1987,1980,History
117,1987,1980,Thriller
11708,1968,1960,Family
11708,1968,1960,Adventure
11708,1968,1960,Fantasy
11708,1968,1960,Comedy
11712,1962,1960,Drama
11712,1962,1960,Action
11712,1962,1960,Comedy
11713,1972,1970,Drama
11713,1972,1970,Action
11713,1972,1970,Thriller
11772,1963,1960,Horror
11773,1960,1960,Horror
11773,1960,1960,Science Fiction
11778,1978,1970,Drama
11778,1978,1970,War
118,2005,2000,Adventure
118,2005,2000,Comedy
118,2005,2000,Family
118,2005,2000,Fantasy
11806,1992,1990,Family
11806,1992,1990,Comedy
11829,1971,1970,Comedy
11829,1971,1970,Western
118340,2014,2010,Action
118340,2014,2010,Science Fiction
118340,2014,2010,Adventure
11837,1978,1970,Adventure
11837,1978,1970,Animation
11837,1978,1970,Drama
11843,1975,1970,Comedy
11843,1975,1970,Crime
11843,1975,1970,Mystery
11850,1978,1970,Science Fiction
11850,1978,1970,Horror
11878,1961,1960,Drama
11878,1961,1960,Thriller
11886,1973,1970,Animation
11886,1973,1970,Family
11886,1973,1970,Adventure
11901,1973,1970,Western
11901,1973,1970,Drama
11901,1973,1970,Mystery
11906,1977,1970,Horror
11913,1970,1970,Comedy
11916,1970,1970,Western
11943,1972,1970,Western
11953,1980,1980,Action
11953,1980,1980,Drama
11953,1980,1980,History
11953,1980,1980,War
11963,1975,1970,Thriller
11963,1975,1970,Mystery
11969,1993,1990,Western
11969,1993,1990,Action
11970,1997,1990,Animation
11970,1997,1990,Family
11970,1997,1990,Fantasy
11970,1997,1990,Adventure
11970,1997,1990,Comedy
11970,1997,1990,Romance
11977,1980,1980,Comedy
12,2003,2000,Animation
12,2003,2000,Family
12,2003,2000,Adventure
120,2001,2000,Adventure
120,2001,2000,Fantasy
120,2001,2000,Action
120467,2014,2010,Comedy
120467,2014,2010,Drama
121,2002,2000,Adventure
121,2002,2000,Fantasy
121,2002,2000,Action
12101,1973,1970,Science Fiction
12101,1973,1970,Crime
12101,1973,1970,Mystery
12102,1979,1970,Drama
12104,1982,1980,Music
12104,1982,1980,Drama
12105,1968,1960,Music
12105,1968,1960,Animation
12105,1968,1960,Adventure
12105,1968,1960,Comedy
12105,1968,1960,Fantasy
1213,1999,1990,Thriller
1213,1999,1990,Crime
1213,1999,1990,Drama
12144,1988,1980,Family
12144,1988,1980,Animation
12144,1988,1980,Adventure
12155,2010,2010,Family
12155,2010,2010,Fantasy
12155,2010,2010,Adventure
122,2003,2000,Adventure
122,2003,2000,Fantasy
122,2003,2000,Action
12208,1967,1960,Adventure
12208,1967,1960,Action
12208,1967,1960,Comedy
12230,1961,1960,Adventure
12230,1961,1960,Animation
12230,1961,1960,Comedy
12230,1961,1960,Family
12262,1977,1970,Horror
12268,1976,1970,Comedy
12268,1976,1970,Crime
122917,2014,2010,Action
122917,2014,2010,Adventure
122917,2014,2010,Fantasy
123,1978,1970,Adventure
123,1978,1970,Animation
123,1978,1970,Fantasy
12335,1971,1970,Family
12335,1971,1970,Animation
12335,1971,1970,Fantasy
12405,2008,2000,Drama
12405,2008,2000,Romance
12444,2010,2010,Adventure
12444,2010,2010,Fantasy
12445,2011,2010,Adventure
12445,2011,2010,Fantasy
12477,1988,1980,Animation
12477,1988,1980,Drama
12477,1988,1980,War
12481,1971,1970,Action
12491,1961,1960,Drama
12493,1963,1960,Drama
12493,1963,1960,Crime
12493,1963,1960,Thriller
1250,2007,2000,Thriller
1250,2007,2000,Action
1250,2007,2000,Fantasy
1271,2007,2000,Action
1271,2007,2000,Adventure
1271,2007,2000,War
127380,2016,2010,Adventure
127380,2016,2010,Animation
127380,2016,2010,Family
127585,2014,2010,Action
127585,2014,2010,Adventure
127585,2014,2010,Science Fiction
12761,1978,1970,Drama
12761,1978,1970,Music
128,1997,1990,Adventure
128,1997,1990,Fantasy
128,1997,1990,Animation
129,2001,2000,Animation
129,2001,2000,Family
129,2001,2000,Fantasy
13,1994,1990,Comedy
13,1994,1990,Drama
13,1994,1990,Romance
13041,1970,1970,Adventure
13041,1970,1970,Drama
13041,1970,1970,Western
131631,2014,2010,Science Fiction
131631,2014,2010,Adventure
131631,2014,2010,Thriller
131634,2015,2010,Action
131634,2015,2010,Adventure
131634,2015,2010,Science Fiction
13183,2009,2000,Mystery
13183,2009,2000,Action
13183,2009,2000,Science Fiction
13187,1965,1960,Animation
13187,1965,1960,Family
13187,1965,1960,Comedy
13187,1965,1960,TV Movie
13223,2008,2000,Drama
13282,1975,1970,Action
13282,1975,1970,Science Fiction
13282,1975,1970,Comedy
13333,1978,1970,Drama
13333,1978,1970,Action
13333,1978,1970,Thriller
13342,1982,1980,Comedy
13342,1982,1980,Romance
13342,1982,1980,Drama
13353,1966,1960,Family
13353,1966,1960,Animation
13353,1966,1960,TV Movie
13353,1966,1960,Comedy
13377,1966,1960,Animation
13377,1966,1960,Family
13377,1966,1960,Comedy
13382,1964,1960,Animation
13382,1964,1960,Family
13382,1964,1960,Adventure
13382,1964,1960,Fantasy
13384,1970,1970,Drama
134,2000,2000,Adventure
134,2000,2000,Comedy
134,2000,2000,Crime
13448,2009,2000,Thriller
13448,2009,2000,Mystery
13475,2009,2000,Science Fiction
13475,2009,2000,Action
13475,2009,2000,Adventure
135397,2015,2010,Adventure
135397,2015,2010,Science Fiction
135397,2015,2010,Thriller
13550,1980,1980,Horror
1359,2000,2000,Thriller
1359,2000,2000,Drama
1359,2000,2000,Crime
13597,1986,1980,Adventure
13597,1986,1980,Family
13597,1986,1980,Fantasy
1366,1976,1970,Drama
1367,1979,1970,Drama
13675,1969,1960,Family
13675,1969,1960,Animation
13675,1969,1960,TV Movie
1368,1982,1980,Action
1368,1982,1980,Thriller
1368,1982,1980,Drama
1369,1985,1980,Action
1369,1985,1980,Adventure
1369,1985,1980,Thriller
1369,1985,1980,War
137,1993,1990,Romance
137,1993,1990,Fantasy
137,1993,1990,Comedy
1370,1988,1980,Action
1370,1988,1980,Adventure
1370,1988,1980,Thriller
1370,1988,1980,War
1371,1982,1980,Drama
137113,2014,2010,Action
137113,2014,2010,Science Fiction
1372,2006,2000,Drama
1372,2006,2000,Thriller
1372,2006,2000,Action
1374,1985,1980,Drama
1375,1990,1990,Drama
13804,2009,2000,Action
13804,2009,2000,Crime
13804,2009,2000,Thriller
138843,2013,2010,Horror
138843,2013,2010,Thriller
13939,1974,1970,Crime
13939,1974,1970,Drama
13939,1974,1970,Action
1396,1975,1970,Drama
1396,1975,1970,History
1398,1979,1970,Science Fiction
1398,1979,1970,Drama
14,1999,1990,Drama
1402,2006,2000,Drama
14030,1969,1960,Comedy
14030,1969,1960,Romance
140607,2015,2010,Adventure
140607,2015,2010,Action
140607,2015,2010,Science Fiction
141,2001,2000,Fantasy
141,2001,2000,Drama
141,2001,2000,Mystery
1410,1974,1970,Comedy
1410,1974,1970,Science Fiction
141052,2017,2010,Action
141052,2017,2010,Adventure
141052,2017,2010,Science Fiction
14136,1968,1960,Comedy
14136,1968,1960,Family
14136,1968,1960,Fantasy
14160,2009,2000,Animation
14160,2009,2000,Comedy
14160,2009,2000,Family
14160,2009,2000,Adventure
14161,2009,2000,Action
14161,2009,2000,Adventure
14161,2009,2000,Science Fiction
1417,2006,2000,Fantasy
1417,2006,2000,Drama
1417,2006,2000,War
142,2005,2000,Drama
142,2005,2000,Romance
1422,2006,2000,Drama
1422,2006,2000,Thriller
1422,2006,2000,Crime
14257,1971,1970,Comedy
14257,1971,1970,History
14433,1964,1960,Drama
14433,1964,1960,History
14433,1964,1960,War
14537,1962,1960,Action
14537,1962,1960,Drama
14537,1962,1960,History
14574,2008,2000,Drama
14574,2008,2000,War
14574,2008,2000,History
146233,2013,2010,Drama
146233,2013,2010,Thriller
146233,2013,2010,Crime
14811,1971,1970,Drama
14811,1971,1970,Romance
14813,1983,1980,Family
14813,1983,1980,Animation
14831,1965,1960,Comedy
14831,1965,1960,Music
14831,1965,1960,Adventure
14836,2009,2000,Animation
14836,2009,2000,Family
14836,2009,2000,Fantasy
149,1988,1980,Animation
149,1988,1980,Science Fiction
149,1988,1980,Action
150,1982,1980,Crime
150,1982,1980,Action
150,1982,1980,Comedy
150540,2015,2010,Animation
150540,2015,2010,Family
150540,2015,2010,Adventure
150540,2015,2010,Drama
150540,2015,2010,Comedy
15121,1965,1960,Drama
15121,1965,1960,Family
15121,1965,1960,Music
15121,1965,1960,Romance
15144,1984,1980,Comedy
15144,1984,1980,Romance
15196,1985,1980,Comedy
15196,1985,1980,Thriller
15196,1985,1980,Crime
15196,1985,1980,Mystery
152,1979,1970,Science Fiction
152,1979,1970,Adventure
152,1979,1970,Mystery
15247,1965,1960,Thriller
152601,2013,2010,Romance
152601,2013,2010,Science Fiction
152601,2013,2010,Drama
153,2003,2000,Drama
153,2003,2000,Comedy
153,2003,2000,Romance
15371,1979,1970,Animation
15371,1979,1970,Adventure
15371,1979,1970,Comedy
15371,1979,1970,Crime
15383,1969,1960,War
15383,1969,1960,Drama
15383,1969,1960,Thriller
15383,1969,1960,History
154,1982,1980,Action
154,1982,1980,Adventure
154,1982,1980,Science Fiction
154,1982,1980,Thriller
1541,1991,1990,Drama
1541,1991,1990,Crime
1541,1991,1990,Adventure
1547,1987,1980,Horror
1547,1987,1980,Comedy
1547,1987,1980,Thriller
155,2008,2000,Action
155,2008,2000,Crime
155,2008,2000,Thriller
15516,1972,1970,Horror
15516,1972,1970,Crime
1572,1995,1990,Action
1572,1995,1990,Thriller
1573,1990,1990,Action
1573,1990,1990,Thriller
157336,2014,2010,Adventure
157336,2014,2010,Drama
157336,2014,2010,Science Fiction
157350,2014,2010,Action
157350,2014,2010,Adventure
157350,2014,2010,Science Fiction
1576,2002,2000,Horror
1576,2002,2000,Action
1576,2002,2000,Science Fiction
1578,1980,1980,Drama
1578,1980,1980,History
1579,2006,2000,Action
1579,2006,2000,Drama
1579,2006,2000,History
1584,2003,2000,Comedy
1584,2003,2000,Family
1584,2003,2000,Music
1587,1993,1990,Romance
1587,1993,1990,Drama
1592,1996,1990,Crime
1592,1996,1990,Drama
1592,1996,1990,Thriller
1593,2006,2000,Fantasy
1593,2006,2000,Family
1593,2006,2000,Comedy
1594,1964,1960,Comedy
1594,1964,1960,Mystery
1594,1964,1960,Crime
15969,1994,1990,Family
15969,1994,1990,Adventure
15969,1994,1990,Animation
15969,1994,1990,Romance
1597,2000,2000,Comedy
1597,2000,2000,Romance
1598,1991,1990,Drama
1598,1991,1990,Crime
1598,1991,1990,Thriller
1607,1993,1990,Drama
1607,1993,1990,Crime
161,2001,2000,Thriller
161,2001,2000,Crime
162,1990,1990,Fantasy
162,1990,1990,Drama
162,1990,1990,Romance
1621,1983,1980,Comedy
1624,1997,1990,Comedy
1624,1997,1990,Fantasy
1626,1962,1960,Drama
1628,1962,1960,Drama
1628,1962,1960,Romance
163,2004,2000,Thriller
163,2004,2000,Crime
16306,1973,1970,Animation
16306,1973,1970,Science Fiction
16307,1973,1970,Horror
1635,2005,2000,Action
1635,2005,2000,Thriller
1635,2005,2000,Science Fiction
1637,1994,1990,Action
1637,1994,1990,Thriller
16372,1961,1960,Horror
16372,1961,1960,Mystery
16372,1961,1960,Drama
164,1961,1960,Comedy
164,1961,1960,Romance
164,1961,1960,Drama
1643,1972,1970,Drama
1643,1972,1970,Romance
1645,1996,1990,Crime
1645,1996,1990,Drama
1645,1996,1990,Thriller
1648,1989,1980,Adventure
1648,1989,1980,Comedy
1648,1989,1980,Science Fiction
165,1989,1980,Adventure
165,1989,1980,Comedy
165,1989,1980,Science Fiction
1654,1967,1960,Action
1654,1967,1960,Adventure
1654,1967,1960,War
166,1980,1980,Drama
166,1980,1980,Romance
166,1980,1980,Comedy
16642,1978,1970,Drama
16642,1978,1970,Romance
166426,2017,2010,Adventure
166426,2017,2010,Action
166426,2017,2010,Fantasy
16672,1964,1960,Drama
16672,1964,1960,Thriller
1669,1990,1990,Action
1669,1990,1990,Thriller
168,1986,1980,Science Fiction
168,1986,1980,Adventure
168259,2015,2010,Action
168259,2015,2010,Crime
168259,2015,2010,Thriller
1685,1970,1970,Adventure
1685,1970,1970,Science Fiction
1685,1970,1970,Mystery
16859,1989,1980,Animation
16859,1989,1980,Family
16859,1989,1980,Fantasy
16869,2009,2000,Drama
16869,2009,2000,Thriller
16869,2009,2000,War
1687,1971,1970,Action
1687,1971,1970,Science Fiction
1688,1972,1970,Action
1688,1972,1970,Science Fiction
169,1990,1990,Science Fiction
169,1990,1990,Action
169,1990,1990,Thriller
16938,1974,1970,Horror
16938,1974,1970,Mystery
16938,1974,1970,Crime
1694,1985,1980,Science Fiction
1694,1985,1980,Comedy
1694,1985,1980,Horror
170,2002,2000,Horror
170,2002,2000,Thriller
170,2002,2000,Science Fiction
1700,1990,1990,Drama
1700,1990,1990,Thriller
1705,1973,1970,Action
1705,1973,1970,Science Fiction
1714,1966,1960,Drama
1714,1966,1960,Science Fiction
1724,2008,2000,Science Fiction
1724,2008,2000,Action
1724,2008,2000,Adventure
1725,1961,1960,Crime
1725,1961,1960,Drama
1725,1961,1960,Romance
1726,2008,2000,Action
1726,2008,2000,Science Fiction
1726,2008,2000,Adventure
17295,1966,1960,Drama
17295,1966,1960,War
17295,1966,1960,History
1734,2001,2000,Adventure
1734,2001,2000,Action
1734,2001,2000,Fantasy
17360,1981,1980,Drama
17360,1981,1980,War
17529,1969,1960,Western
176,2004,2000,Horror
176,2004,2000,Mystery
176,2004,2000,Crime
17654,2009,2000,Science Fiction
17689,1977,1970,Drama
17689,1977,1970,Action
17689,1977,1970,Crime
17689,1977,1970,Thriller
17692,1983,1980,Thriller
17692,1983,1980,Horror
1771,2011,2010,Action
1771,2011,2010,Adventure
1771,2011,2010,Science Fiction
177572,2014,2010,Adventure
177572,2014,2010,Family
177572,2014,2010,Animation
177572,2014,2010,Action
177572,2014,2010,Comedy
177677,2015,2010,Action
177677,2015,2010,Adventure
17814,1976,1970,Thriller
17814,1976,1970,Action
17814,1976,1970,Crime
1788,1984,1980,Drama
1788,1984,1980,Romance
17887,1967,1960,Comedy
17887,1967,1960,Romance
18,1997,1990,Science Fiction
18,1997,1990,Action
18,1997,1990,Adventure
180,2002,2000,Science Fiction
180,2002,2000,Action
180,2002,2000,Thriller
1813,1997,1990,Horror
1813,1997,1990,Drama
1813,1997,1990,Mystery
1818,1960,1960,Drama
1818,1960,1960,Thriller
1818,1960,1960,Crime
181808,2017,2010,Adventure
181808,2017,2010,Action
181808,2017,2010,Science Fiction
181812,2019,2010,Adventure
181812,2019,2010,Action
181812,2019,2010,Science Fiction
18239,2009,2000,Adventure
18239,2009,2000,Fantasy
18239,2009,2000,Drama
18239,2009,2000,Romance
1824,2004,2000,Comedy
1824,2004,2000,Romance
18240,2009,2000,Comedy
18240,2009,2000,Romance
18240,2009,2000,Drama
1830,2005,2000,Crime
1830,2005,2000,Drama
1830,2005,2000,Thriller
18333,1968,1960,Drama
18333,1968,1960,Horror
184,1997,1990,Crime
184,1997,1990,Drama
184,1997,1990,Thriller
185,1971,1970,Science Fiction
185,1971,1970,Crime
1858,2007,2000,Adventure
1858,2007,2000,Science Fiction
1858,2007,2000,Action
1865,2011,2010,Adventure
1865,2011,2010,Action
1865,2011,2010,Fantasy
187,2005,2000,Crime
187,2005,2000,Thriller
1870,1965,1960,Comedy
1870,1965,1960,Crime
1870,1965,1960,Adventure
1870,1965,1960,Fantasy
1871,1964,1960,Comedy
1871,1964,1960,Crime
1871,1964,1960,Adventure
1875,1967,1960,Comedy
1875,1967,1960,Crime
1875,1967,1960,Adventure
1875,1967,1960,Fantasy
1878,1998,1990,Adventure
1878,1998,1990,Drama
1878,1998,1990,Comedy
18785,2009,2000,Comedy
1879,1967,1960,Drama
1879,1967,1960,Romance
1885,1984,1980,Action
1885,1984,1980,Drama
1885,1984,1980,Family
18900,1967,1960,Crime
18900,1967,1960,Drama
18900,1967,1960,History
1891,1980,1980,Adventure
1891,1980,1980,Action
1891,1980,1980,Science Fiction
1892,1983,1980,Adventure
1892,1983,1980,Action
1892,1983,1980,Science Fiction
1893,1999,1990,Adventure
1893,1999,1990,Action
1893,1999,1990,Science Fiction
1894,2002,2000,Adventure
1894,2002,2000,Action
1894,2002,2000,Science Fiction
1895,2005,2000,Adventure
1895,2005,2000,Action
1895,2005,2000,Science Fiction
19067,1977,1970,Drama
19067,1977,1970,War
1907,2000,2000,Drama
1907,2000,2000,Adventure
1907,2000,2000,Romance
1907,2000,2000,Thriller
1908,1960,1960,Drama
190859,2014,2010,War
190859,2014,2010,Action
19186,1961,1960,Comedy
19186,1961,1960,Family
19186,1961,1960,Romance
192,1986,1980,Drama
192,1986,1980,Thriller
192,1986,1980,Mystery
1923,1992,1990,Drama
1923,1992,1990,Mystery
1923,1992,1990,Horror
1924,1978,1970,Science Fiction
1924,1978,1970,Action
1924,1978,1970,Adventure
1927,2003,2000,Science Fiction
1927,2003,2000,Adventure
1927,2003,2000,Action
1930,2012,2010,Action
1930,2012,2010,Adventure
1930,2012,2010,Science Fiction
1933,2001,2000,Horror
1933,2001,2000,Mystery
1933,2001,2000,Thriller
194,2001,2000,Comedy
194,2001,2000,Romance
19404,1995,1990,Comedy
19404,1995,1990,Drama
19404,1995,1990,Romance
194662,2014,2010,Drama
194662,2014,2010,Comedy
1949,2007,2000,Crime
1949,2007,2000,Mystery
1949,2007,2000,Thriller
1954,2004,2000,Science Fiction
1954,2004,2000,Thriller
19548,1966,1960,Comedy
1955,1980,1980,Drama
1955,1980,1980,History
196,1990,1990,Adventure
196,1990,1990,Comedy
196,1990,1990,Science Fiction
197,1995,1990,Action
197,1995,1990,Drama
197,1995,1990,History
197,1995,1990,War
1979,2007,2000,Science Fiction
1979,2007,2000,Adventure
1979,2007,2000,Action
198663,2014,2010,Action
198663,2014,2010,Mystery
198663,2014,2010,Science Fiction
198663,2014,2010,Thriller
19908,2009,2000,Comedy
19908,2009,2000,Horror
19913,2009,2000,Comedy
19913,2009,2000,Drama
19913,2009,2000,Romance
1995,2001,2000,Adventure
1995,2001,2000,Action
1995,2001,2000,Fantasy
19995,2009,2000,Action
19995,2009,2000,Science Fiction
19995,2009,2000,Adventure
2000,1972,1970,History
2000,1972,1970,Adventure
2000,1972,1970,Drama
2005,1992,1990,Music
2005,1992,1990,Comedy
20108,1966,1960,Drama
20126,1975,1970,Horror
20126,1975,1970,Mystery
20126,1975,1970,Thriller
20139,1961,1960,Drama
20271,1961,1960,Comedy
20271,1961,1960,Crime
203,1973,1970,Drama
203,1973,1970,Crime
2034,2001,2000,Action
2034,2001,2000,Crime
2034,2001,2000,Drama
20345,1970,1970,Horror
20345,1970,1970,Mystery
20345,1970,1970,Thriller
20352,2010,2010,Animation
20352,2010,2010,Comedy
20352,2010,2010,Crime
20352,2010,2010,Science Fiction
20352,2010,2010,Family
2048,2004,2000,Action
2048,2004,2000,Science Fiction
20526,2010,2010,Adventure
20526,2010,2010,Action
20526,2010,2010,Science Fiction
205596,2014,2010,History
205596,2014,2010,Drama
205596,2014,2010,Thriller
205596,2014,2010,War
2062,2007,2000,Animation
2062,2007,2000,Comedy
2062,2007,2000,Family
2062,2007,2000,Fantasy
20620,1966,1960,Science Fiction
20620,1966,1960,Thriller
20620,1966,1960,Horror
206647,2015,2010,Action
206647,2015,2010,Adventure
206647,2015,2010,Thriller
207,1989,1980,Drama
207703,2015,2010,Crime
207703,2015,2010,Comedy
207703,2015,2010,Action
207703,2015,2010,Adventure
2080,2009,2000,Adventure
2080,2009,2000,Action
2080,2009,2000,Science Fiction
20875,1965,1960,Comedy
209112,2016,2010,Action
209112,2016,2010,Adventure
209112,2016,2010,Fantasy
20914,1975,1970,Comedy
2105,1999,1990,Comedy
2105,1999,1990,Romance
210577,2014,2010,Mystery
210577,2014,2010,Thriller
210577,2014,2010,Drama
2108,1985,1980,Comedy
2108,1985,1980,Drama
2109,1998,1990,Action
2109,1998,1990,Comedy
2109,1998,1990,Crime
21159,1964,1960,Science Fiction
21159,1964,1960,Drama
21159,1964,1960,Horror
211672,2015,2010,Family
211672,2015,2010,Animation
211672,2015,2010,Adventure
211672,2015,2010,Comedy
2118,1997,1990,Crime
2118,1997,1990,Mystery
2118,1997,1990,Thriller
2134,1960,1960,Thriller
2134,1960,1960,Adventure
2134,1960,1960,Fantasy
2134,1960,1960,Science Fiction
2134,1960,1960,Romance
21484,1981,1980,Horror
215,2005,2000,Horror
216015,2015,2010,Drama
216015,2015,2010,Romance
216015,2015,2010,Thriller
2161,1966,1960,Science Fiction
2161,1966,1960,Adventure
2164,1994,1990,Action
2164,1994,1990,Adventure
2164,1994,1990,Science Fiction
217,2008,2000,Adventure
217,2008,2000,Action
218,1984,1980,Action
218,1984,1980,Thriller
218,1984,1980,Science Fiction
22,2003,2000,Adventure
22,2003,2000,Fantasy
22,2003,2000,Action
22538,2010,2010,Action
22538,2010,2010,Comedy
22538,2010,2010,Romance
227,1983,1980,Crime
227,1983,1980,Drama
2280,1988,1980,Fantasy
2280,1988,1980,Drama
2280,1988,1980,Comedy
2292,1994,1990,Comedy
2300,1996,1990,Family
2300,1996,1990,Animation
2300,1996,1990,Science Fiction
2300,1996,1990,Fantasy
2300,1996,1990,Comedy
23483,2010,2010,Action
23483,2010,2010,Crime
235,1986,1980,Drama
235,1986,1980,Adventure
2362,1973,1970,Adventure
2362,1973,1970,Science Fiction
2362,1973,1970,Western
2370,1969,1960,Drama
2370,1969,1960,Thriller
238,1972,1970,Drama
238,1972,1970,Crime
24,2003,2000,Action
24,2003,2000,Crime
240,1974,1970,Drama
240,1974,1970,Crime
24021,2010,2010,Adventure
24021,2010,2010,Fantasy
24021,2010,2010,Drama
24021,2010,2010,Romance
240832,2014,2010,Action
240832,2014,2010,Science Fiction
241,1994,1990,Crime
241,1994,1990,Thriller
241,1994,1990,Drama
24167,1960,1960,Drama
24167,1960,1960,War
24188,1962,1960,Drama
24188,1962,1960,Comedy
24188,1962,1960,Adventure
24192,1965,1960,Drama
242,1990,1990,Crime
242,1990,1990,Drama
242,1990,1990,Thriller
2433,1967,1960,Romance
2433,1967,1960,Comedy
2433,1967,1960,Drama
24402,1974,1970,Drama
24402,1974,1970,Romance
24428,2012,2010,Science Fiction
24428,2012,2010,Action
24428,2012,2010,Adventure
24452,1960,1960,Horror
24452,1960,1960,Comedy
24452,1960,1960,Fantasy
244786,2014,2010,Drama
244786,2014,2010,Music
244786,2014,2010,Thriller
245891,2014,2010,Action
245891,2014,2010,Thriller
2462,1969,1960,Comedy
2462,1969,1960,Science Fiction
246655,2016,2010,Science Fiction
246655,2016,2010,Fantasy
246655,2016,2010,Action
24831,1978,1970,Horror
24831,1978,1970,Science Fiction
24831,1978,1970,Comedy
2493,1987,1980,Adventure
2493,1987,1980,Fantasy
2493,1987,1980,Romance
2493,1987,1980,Family
2493,1987,1980,Comedy
2501,2002,2000,Action
2501,2002,2000,Mystery
2501,2002,2000,Thriller
2502,2004,2000,Action
2502,2004,2000,Drama
2502,2004,2000,Thriller
2503,2007,2000,Action
2503,2007,2000,Drama
2503,2007,2000,Mystery
2503,2007,2000,Thriller
250480,1977,1970,Animation
250480,1977,1970,Family
250480,1977,1970,Adventure
251,1990,1990,Fantasy
251,1990,1990,Romance
251,1990,1990,Thriller
25188,1971,1970,Drama
25188,1971,1970,Romance
252,1971,1970,Family
252,1971,1970,Fantasy
252,1971,1970,Comedy
25237,1985,1980,Drama
25237,1985,1980,War
25237,1985,1980,Horror
25237,1985,1980,History
25239,1978,1970,Horror
25253,1963,1960,Comedy
25253,1963,1960,Crime
253,1973,1970,Adventure
253,1973,1970,Action
253,1973,1970,Thriller
254,2005,2000,Adventure
254,2005,2000,Drama
254,2005,2000,Action
25606,1975,1970,Comedy
25623,1977,1970,Comedy
25623,1977,1970,Fantasy
25623,1977,1970,Horror
25866,1965,1960,Comedy
25866,1965,1960,Crime
259316,2016,2010,Fantasy
259316,2016,2010,Adventure
2604,1989,1980,Drama
2604,1989,1980,War
2605,1986,1980,Science Fiction
2605,1986,1980,Comedy
2605,1986,1980,Family
260513,2018,2010,Action
260513,2018,2010,Adventure
260513,2018,2010,Animation
260513,2018,2010,Family
2609,1987,1980,Comedy
262,1982,1980,Drama
262,1982,1980,Comedy
262500,2015,2010,Action
262500,2015,2010,Science Fiction
262500,2015,2010,Thriller
263115,2017,2010,Action
263115,2017,2010,Drama
263115,2017,2010,Science Fiction
2640,1989,1980,Comedy
2640,1989,1980,Crime
26451,1970,1970,Drama
26451,1970,1970,Thriller
264660,2015,2010,Drama
264660,2015,2010,Science Fiction
2649,1997,1990,Drama
2649,1997,1990,Thriller
2649,1997,1990,Mystery
266,1963,1960,Drama
266,1963,1960,Romance
2661,1966,1960,Action
2661,1966,1960,Comedy
2661,1966,1960,Crime
26617,1970,1970,Drama
26638,1964,1960,Drama
2665,1982,1980,Comedy
2667,1999,1990,Horror
2667,1999,1990,Mystery
2668,1999,1990,Fantasy
2668,1999,1990,Thriller
2668,1999,1990,Mystery
2668,1999,1990,Horror
2675,2002,2000,Thriller
2675,2002,2000,Science Fiction
2675,2002,2000,Horror
268,1989,1980,Fantasy
268,1989,1980,Action
268,1989,1980,Crime
269,1960,1960,Drama
269,1960,1960,Crime
269,1960,1960,Romance
2690,1963,1960,Romance
2690,1963,1960,Comedy
2690,1963,1960,Drama
269149,2016,2010,Animation
269149,2016,2010,Adventure
269149,2016,2010,Family
269149,2016,2010,Comedy
271110,2016,2010,Adventure
271110,2016,2010,Action
271110,2016,2010,Science Fiction
272,2005,2000,Drama
272,2005,2000,Crime
272,2005,2000,Action
27205,2010,2010,Action
27205,2010,2010,Science Fiction
27205,2010,2010,Adventure
2721,1969,1960,Thriller
2721,1969,1960,Crime
2721,1969,1960,Drama
273248,2015,2010,Drama
273248,2015,2010,Mystery
273248,2015,2010,Western
27327,1974,1970,Comedy
27327,1974,1970,Horror
27327,1974,1970,Music
274,1991,1990,Crime
274,1991,1990,Thriller
274,1991,1990,Drama
27429,1975,1970,Horror
27429,1975,1970,Science Fiction
274870,2016,2010,Drama
274870,2016,2010,Romance
274870,2016,2010,Science Fiction
275,1996,1990,Crime
275,1996,1990,Drama
275,1996,1990,Thriller
2756,1989,1980,Adventure
2756,1989,1980,Thriller
2756,1989,1980,Science Fiction
27578,2010,2010,Thriller
27578,2010,2010,Adventure
27578,2010,2010,Action
2758,1993,1990,Comedy
2758,1993,1990,Family
2758,1993,1990,Fantasy
27632,1960,1960,Horror
2768,1980,1980,Crime
2768,1980,1980,Drama
2768,1980,1980,Mystery
277,2003,2000,Fantasy
277,2003,2000,Action
277,2003,2000,Thriller
277834,2016,2010,Adventure
277834,2016,2010,Comedy
277834,2016,2010,Family
277834,2016,2010,Animation
278,1994,1990,Drama
278,1994,1990,Crime
2786,1965,1960,Drama
2786,1965,1960,Romance
2786,1965,1960,Crime
2787,2000,2000,Thriller
2787,2000,2000,Science Fiction
2787,2000,2000,Action
279,1984,1980,Drama
279,1984,1980,History
279,1984,1980,Music
2798,1967,1960,Comedy
28,1979,1970,Drama
28,1979,1970,War
280,1991,1990,Action
280,1991,1990,Thriller
280,1991,1990,Science Fiction
28043,1963,1960,Horror
28145,1969,1960,Drama
281957,2015,2010,Western
281957,2015,2010,Drama
281957,2015,2010,Adventure
283366,2016,2010,Adventure
283366,2016,2010,Fantasy
283995,2017,2010,Science Fiction
283995,2017,2010,Adventure
283995,2017,2010,Action
284,1960,1960,Comedy
284,1960,1960,Drama
284,1960,1960,Romance
284052,2016,2010,Fantasy
284052,2016,2010,Adventure
284052,2016,2010,Action
284053,2017,2010,Action
284053,2017,2010,Science Fiction
284053,2017,2010,Comedy
284054,2018,2010,Action
284054,2018,2010,Adventure
284054,2018,2010,Science Fiction
285,2007,2000,Adventure
285,2007,2000,Fantasy
285,2007,2000,Action
28501,1961,1960,Horror
28501,1961,1960,Mystery
28501,1961,1960,Drama
28569,1961,1960,Drama
28569,1961,1960,Romance
286217,2015,2010,Science Fiction
286217,2015,2010,Drama
286217,2015,2010,Adventure
287947,2019,2010,Action
287947,2019,2010,Comedy
287947,2019,2010,Fantasy
28942,1979,1970,Horror
28942,1979,1970,Science Fiction
290,1991,1990,Comedy
290,1991,1990,Drama
290,1991,1990,Thriller
2907,1991,1990,Comedy
2907,1991,1990,Fantasy
291805,2016,2010,Crime
291805,2016,2010,Thriller
2924,1991,1990,Drama
2924,1991,1990,Thriller
2924,1991,1990,Action
2924,1991,1990,Crime
29259,1960,1960,Drama
29259,1960,1960,Thriller
29259,1960,1960,Crime
29264,1962,1960,Comedy
29264,1962,1960,Drama
29264,1962,1960,Fantasy
293660,2016,2010,Action
293660,2016,2010,Adventure
293660,2016,2010,Comedy
294254,2015,2010,Science Fiction
294254,2015,2010,Action
294254,2015,2010,Thriller
294254,2015,2010,Adventure
29455,1963,1960,Drama
296,2003,2000,Action
296,2003,2000,Thriller
296,2003,2000,Science Fiction
296096,2016,2010,Drama
296096,2016,2010,Romance
297,1998,1990,Fantasy
297,1998,1990,Drama
297,1998,1990,Romance
297761,2016,2010,Action
297761,2016,2010,Adventure
297761,2016,2010,Fantasy
297762,2017,2010,Action
297762,2017,2010,Adventure
297762,2017,2010,Fantasy
2978,1989,1980,Comedy
2978,1989,1980,Fantasy
297802,2018,2010,Action
297802,2018,2010,Adventure
297802,2018,2010,Fantasy
298,2007,2000,Crime
298,2007,2000,Thriller
29845,1974,1970,Drama
29845,1974,1970,Romance
299534,2019,2010,Adventure
299534,2019,2010,Science Fiction
299534,2019,2010,Action
299536,2018,2010,Adventure
299536,2018,2010,Action
299536,2018,2010,Science Fiction
299537,2019,2010,Action
299537,2019,2010,Adventure
299537,2019,2010,Science Fiction
2998,1970,1970,Drama
3001,1966,1960,Comedy
3001,1966,1960,Crime
3001,1966,1960,Romance
300668,2018,2010,Science Fiction
300668,2018,2010,Horror
3009,1962,1960,Crime
3009,1962,1960,Drama
3009,1962,1960,Mystery
301528,2019,2010,Family
301528,2019,2010,Comedy
301528,2019,2010,Animation
301528,2019,2010,Adventure
30197,1968,1960,Comedy
3034,1974,1970,Comedy
3049,1994,1990,Comedy
3049,1994,1990,Crime
3049,1994,1990,Mystery
30497,1974,1970,Horror
3053,1967,1960,Comedy
3053,1967,1960,Horror
30959,1965,1960,Horror
30959,1965,1960,Fantasy
30959,1965,1960,Drama
310,2003,2000,Fantasy
310,2003,2000,Comedy
311,1984,1980,Drama
311,1984,1980,Crime
3116,1969,1960,Drama
3131,2002,2000,Drama
3131,2002,2000,History
3131,2002,2000,Crime
3133,1974,1970,Drama
3133,1974,1970,Romance
3133,1974,1970,Crime
3133,1974,1970,Western
313369,2016,2010,Comedy
313369,2016,2010,Drama
313369,2016,2010,Romance
31417,1960,1960,Drama
31417,1960,1960,Horror
31417,1960,1960,Thriller
31442,1962,1960,Drama
31442,1962,1960,War
315,1965,1960,Action
315,1965,1960,Crime
315,1965,1960,Comedy
315,1965,1960,Thriller
31522,1961,1960,Comedy
31522,1961,1960,Drama
31522,1961,1960,Romance
315635,2017,2010,Action
315635,2017,2010,Adventure
315635,2017,2010,Science Fiction
3175,1975,1970,Drama
3175,1975,1970,War
3175,1975,1970,History
318846,2015,2010,Comedy
318846,2015,2010,Drama
319,1993,1990,Action
319,1993,1990,Crime
319,1993,1990,Romance
321612,2017,2010,Family
321612,2017,2010,Fantasy
321612,2017,2010,Romance
322,2003,2000,Thriller
322,2003,2000,Drama
322,2003,2000,Mystery
324552,2017,2010,Action
324552,2017,2010,Thriller
324552,2017,2010,Crime
324786,2016,2010,Drama
324786,2016,2010,History
324786,2016,2010,War
324857,2018,2010,Animation
324857,2018,2010,Action
324857,2018,2010,Adventure
324857,2018,2010,Science Fiction
32657,2010,2010,Adventure
32657,2010,2010,Fantasy
32657,2010,2010,Family
329,1993,1990,Adventure
329,1993,1990,Science Fiction
329865,2016,2010,Drama
329865,2016,2010,Science Fiction
329865,2016,2010,Mystery
33,1992,1990,Western
330,1997,1990,Adventure
330,1997,1990,Action
330,1997,1990,Science Fiction
330457,2019,2010,Family
330457,2019,2010,Animation
330457,2019,2010,Adventure
330457,2019,2010,Comedy
330457,2019,2010,Fantasy
330459,2016,2010,Action
330459,2016,2010,Adventure
330459,2016,2010,Science Fiction
331,2001,2000,Adventure
331,2001,2000,Thriller
331,2001,2000,Science Fiction
332562,2018,2010,Music
332562,2018,2010,Drama
332562,2018,2010,Romance
333339,2018,2010,Adventure
333339,2018,2010,Action
333339,2018,2010,Science Fiction
335,1968,1960,Drama
335,1968,1960,Western
335983,2018,2010,Science Fiction
335983,2018,2010,Action
335984,2017,2010,Science Fiction
335984,2017,2010,Drama
336,1971,1970,Western
33701,1979,1970,Comedy
337401,2020,2020,Adventure
337401,2020,2020,Fantasy
337401,2020,2020,Action
338762,2020,2020,Action
338762,2020,2020,Science Fiction
338762,2020,2020,Adventure
338952,2018,2010,Fantasy
338952,2018,2010,Adventure
339403,2017,2010,Action
339403,2017,2010,Crime
343,1971,1970,Comedy
343,1971,1970,Drama
343,1971,1970,Romance
345,1999,1990,Drama
345,1999,1990,Thriller
345,1999,1990,Mystery
34584,1984,1980,Adventure
34584,1984,1980,Fantasy
34584,1984,1980,Family
346364,2017,2010,Horror
346364,2017,2010,Thriller
346364,2017,2010,Drama
348,1979,1970,Horror
348,1979,1970,Science Fiction
348350,2018,2010,Science Fiction
348350,2018,2010,Adventure
348350,2018,2010,Action
35,2007,2000,Animation
35,2007,2000,Comedy
35,2007,2000,Family
350,2006,2000,Drama
350,2006,2000,Comedy
351286,2018,2010,Adventure
351286,2018,2010,Science Fiction
351286,2018,2010,Thriller
353081,2018,2010,Action
353081,2018,2010,Adventure
353486,2017,2010,Adventure
353486,2017,2010,Comedy
353486,2017,2010,Fantasy
353486,2017,2010,Action
354912,2017,2010,Family
354912,2017,2010,Animation
354912,2017,2010,Music
354912,2017,2010,Adventure
3558,1999,1990,Drama
3604,1980,1980,Science Fiction
3604,1980,1980,Adventure
3604,1980,1980,Action
363088,2018,2010,Action
363088,2018,2010,Adventure
363088,2018,2010,Science Fiction
364,1992,1990,Action
364,1992,1990,Fantasy
36557,2006,2000,Adventure
36557,2006,2000,Action
36557,2006,2000,Thriller
36593,1994,1990,Comedy
36593,1994,1990,Crime
36647,1998,1990,Horror
36647,1998,1990,Action
36657,2000,2000,Adventure
36657,2000,2000,Action
36657,2000,2000,Science Fiction
36658,2003,2000,Adventure
36658,2003,2000,Action
36658,2003,2000,Science Fiction
36668,2006,2000,Adventure
36668,2006,2000,Action
36668,2006,2000,Science Fiction
36670,1983,1980,Adventure
36670,1983,1980,Action
36670,1983,1980,Thriller
36685,1975,1970,Comedy
36685,1975,1970,Science Fiction
36685,1975,1970,Horror
36819,1981,1980,Family
36819,1981,1980,Fantasy
36819,1981,1980,Science Fiction
36819,1981,1980,Adventure
36819,1981,1980,Comedy
36955,1994,1990,Action
36955,1994,1990,Thriller
37094,1993,1990,Crime
37094,1993,1990,Drama
37094,1993,1990,Thriller
37135,1999,1990,Animation
37135,1999,1990,Family
37135,1999,1990,Adventure
37136,1988,1980,Comedy
37136,1988,1980,Crime
37137,1991,1990,Comedy
37137,1991,1990,Crime
37165,1998,1990,Comedy
37165,1998,1990,Drama
372058,2016,2010,Animation
372058,2016,2010,Romance
372058,2016,2010,Drama
37233,1993,1990,Drama
37233,1993,1990,Mystery
37233,1993,1990,Thriller
37247,1967,1960,Drama
37247,1967,1960,Romance
37247,1967,1960,Comedy
374720,2017,2010,War
374720,2017,2010,Action
374720,2017,2010,Drama
3763,1964,1960,Horror
377,1984,1980,Horror
37724,2012,2010,Action
37724,2012,2010,Adventure
37724,2012,2010,Thriller
37799,2010,2010,Drama
378,1987,1980,Comedy
378,1987,1980,Crime
3780,1965,1960,Drama
38,2004,2000,Science Fiction
38,2004,2000,Drama
38,2004,2000,Romance
380,1988,1980,Drama
381284,2016,2010,Drama
381284,2016,2010,History
381288,2017,2010,Horror
381288,2017,2010,Thriller
383498,2018,2010,Action
383498,2018,2010,Comedy
383498,2018,2010,Adventure
38356,2011,2010,Action
38356,2011,2010,Science Fiction
38356,2011,2010,Adventure
387,1981,1980,Drama
387,1981,1980,History
387,1981,1980,War
3870,1976,1970,Drama
3870,1976,1970,History
38700,2020,2020,Thriller
38700,2020,2020,Action
38700,2020,2020,Crime
38757,2010,2010,Animation
38757,2010,2010,Family
38757,2010,2010,Adventure
38985,1977,1970,Thriller
38985,1977,1970,Adventure
391,1964,1960,Western
39254,2011,2010,Action
39254,2011,2010,Science Fiction
39254,2011,2010,Drama
393,2004,2000,Action
393,2004,2000,Crime
393,2004,2000,Thriller
3933,2005,2000,Romance
3933,2005,2000,Fantasy
3933,2005,2000,Animation
396,1966,1960,Drama
398818,2017,2010,Romance
398818,2017,2010,Drama
399055,2017,2010,Drama
399055,2017,2010,Fantasy
399055,2017,2010,Romance
399579,2019,2010,Action
399579,2019,2010,Science Fiction
399579,2019,2010,Adventure
4011,1988,1980,Fantasy
4011,1988,1980,Comedy
402,1992,1990,Thriller
402,1992,1990,Mystery
4024,1961,1960,Drama
4024,1961,1960,Romance
402900,2018,2010,Crime
402900,2018,2010,Comedy
402900,2018,2010,Action
4032,1991,1990,Comedy
4032,1991,1990,Drama
403587,1985,1980,Horror
403587,1985,1980,Fantasy
403587,1985,1980,Romance
405774,2018,2010,Horror
405774,2018,2010,Thriller
405774,2018,2010,Drama
406,1995,1990,Drama
41050,1961,1960,Drama
41050,1961,1960,Romance
4108,2002,2000,Action
4108,2002,2000,Crime
4108,2002,2000,Thriller
411,2005,2000,Adventure
411,2005,2000,Family
411,2005,2000,Fantasy
41154,2012,2010,Action
41154,2012,2010,Comedy
41154,2012,2010,Science Fiction
414,1995,1990,Action
414,1995,1990,Crime
414,1995,1990,Fantasy
415,1997,1990,Action
415,1997,1990,Science Fiction
415,1997,1990,Adventure
4176,1974,1970,Drama
4176,1974,1970,Thriller
4176,1974,1970,Mystery
4192,1978,1970,Mystery
419430,2017,2010,Mystery
419430,2017,2010,Thriller
419430,2017,2010,Horror
420817,2019,2010,Adventure
420817,2019,2010,Fantasy
420817,2019,2010,Romance
420817,2019,2010,Family
420818,2019,2010,Adventure
420818,2019,2010,Drama
420818,2019,2010,Family
420818,2019,2010,Animation
422,1963,1960,Drama
42229,1977,1970,Drama
42229,1977,1970,Romance
42269,1974,1970,Drama
42269,1974,1970,Comedy
423,2002,2000,Drama
423,2002,2000,War
4232,1996,1990,Crime
4232,1996,1990,Horror
4232,1996,1990,Mystery
4235,1969,1960,Crime
4235,1969,1960,Drama
424,1993,1990,Drama
424,1993,1990,History
424,1993,1990,War
424694,2018,2010,Music
424694,2018,2010,Drama
4247,2000,2000,Comedy
425,2002,2000,Animation
425,2002,2000,Comedy
425,2002,2000,Family
425,2002,2000,Adventure
42801,1963,1960,Comedy
42801,1963,1960,Romance
429,1966,1960,Western
429617,2019,2010,Action
429617,2019,2010,Adventure
429617,2019,2010,Science Fiction
430,1961,1960,Comedy
431,1998,1990,Thriller
431,1998,1990,Science Fiction
431,1998,1990,Mystery
4327,2000,2000,Action
4327,2000,2000,Comedy
4327,2000,2000,Adventure
433,1964,1960,Comedy
433,1964,1960,Family
433,1964,1960,Fantasy
4348,2005,2000,Drama
4348,2005,2000,Romance
435,2004,2000,Science Fiction
435,2004,2000,Thriller
435,2004,2000,Adventure
439,1960,1960,Comedy
439,1960,1960,Drama
44115,2010,2010,Adventure
44115,2010,2010,Drama
44115,2010,2010,Thriller
44214,2010,2010,Drama
44214,2010,2010,Thriller
44214,2010,2010,Horror
447332,2018,2010,Horror
447332,2018,2010,Drama
447332,2018,2010,Science Fiction
4476,1994,1990,Drama
4476,1994,1990,Western
4476,1994,1990,Romance
4476,1994,1990,War
4488,1980,1980,Horror
4497,1962,1960,Drama
450465,2019,2010,Thriller
450465,2019,2010,Drama
450465,2019,2010,Science Fiction
45243,2011,2010,Comedy
45269,2010,2010,Drama
45269,2010,2010,History
453,2001,2000,Drama
453,2001,2000,Romance
454,1996,1990,Drama
454,1996,1990,Romance
4543,1983,1980,Comedy
454626,2020,2020,Action
454626,2020,2020,Science Fiction
454626,2020,2020,Comedy
454626,2020,2020,Family
4547,2002,2000,Crime
4547,2002,2000,Drama
4547,2002,2000,Thriller
45612,2011,2010,Thriller
45612,2011,2010,Science Fiction
45612,2011,2010,Mystery
458156,2019,2010,Action
458156,2019,2010,Thriller
458156,2019,2010,Crime
4593,1972,1970,Comedy
4638,2007,2000,Crime
4638,2007,2000,Action
4638,2007,2000,Comedy
464052,2020,2020,Action
464052,2020,2020,Adventure
464052,2020,2020,Fantasy
466272,2019,2010,Comedy
466272,2019,2010,Drama
466272,2019,2010,Thriller
4727,1964,1960,Comedy
4728,1965,1960,Comedy
4729,1968,1960,Comedy
474350,2019,2010,Horror
474350,2019,2010,Thriller
474350,2019,2010,Drama
475,1967,1960,Crime
475,1967,1960,Drama
475557,2019,2010,Crime
475557,2019,2010,Thriller
475557,2019,2010,Drama
4808,1963,1960,Comedy
4808,1963,1960,Mystery
4808,1963,1960,Romance
48831,1969,1960,Romance
48831,1969,1960,Comedy
48831,1969,1960,Drama
489,1997,1990,Drama
490132,2018,2010,Drama
490132,2018,2010,Comedy
490132,2018,2010,History
49026,2012,2010,Action
49026,2012,2010,Crime
49026,2012,2010,Drama
49026,2012,2010,Thriller
49047,2013,2010,Science Fiction
49047,2013,2010,Thriller
49047,2013,2010,Drama
49051,2012,2010,Adventure
49051,2012,2010,Fantasy
49051,2012,2010,Action
492,1999,1990,Comedy
492,1999,1990,Drama
492,1999,1990,Fantasy
4922,2008,2000,Drama
4922,2008,2000,Fantasy
4922,2008,2000,Romance
4929,1968,1960,Western
4929,1968,1960,Drama
4935,2004,2000,Fantasy
4935,2004,2000,Animation
4935,2004,2000,Adventure
4946,1969,1960,Drama
4946,1969,1960,Thriller
4951,1999,1990,Comedy
4951,1999,1990,Romance
4951,1999,1990,Drama
49521,2013,2010,Action
49521,2013,2010,Adventure
49521,2013,2010,Science Fiction
49530,2011,2010,Action
49530,2011,2010,Thriller
49530,2011,2010,Science Fiction
49538,2011,2010,Action
49538,2011,2010,Science Fiction
49538,2011,2010,Adventure
495764,2020,2020,Action
495764,2020,2020,Crime
496243,2019,2010,Comedy
496243,2019,2010,Thriller
496243,2019,2010,Drama
49687,1964,1960,Drama
49687,1964,1960,Romance
49687,1964,1960,Comedy
497,1999,1990,Fantasy
497,1999,1990,Drama
497,1999,1990,Crime
497582,2020,2020,Adventure
497582,2020,2020,Mystery
497582,2020,2020,Crime
499,1962,1960,Drama
500,1992,1990,Crime
500,1992,1990,Thriller
50014,2011,2010,Drama
502,1964,1960,Thriller
502,1964,1960,Drama
502,1964,1960,War
506,1964,1960,Thriller
506,1964,1960,Mystery
506,1964,1960,Romance
50619,2011,2010,Adventure
50619,2011,2010,Fantasy
50619,2011,2010,Romance
50620,2012,2010,Fantasy
50620,2012,2010,Drama
50620,2012,2010,Romance
50646,2011,2010,Comedy
50646,2011,2010,Drama
50646,2011,2010,Romance
508,2003,2000,Comedy
508,2003,2000,Romance
508,2003,2000,Drama
508439,2020,2020,Adventure
508439,2020,2020,Animation
508439,2020,2020,Comedy
508439,2020,2020,Family
508439,2020,2020,Fantasy
508442,2020,2020,Animation
508442,2020,2020,Family
508442,2020,2020,Drama
508442,2020,2020,Music
508442,2020,2020,Fantasy
509,1999,1990,Romance
509,1999,1990,Comedy
510,1975,1970,Drama
512200,2019,2010,Adventure
512200,2019,2010,Comedy
512200,2019,2010,Fantasy
51497,2011,2010,Action
51497,2011,2010,Thriller
51497,2011,2010,Crime
515001,2019,2010,Comedy
515001,2019,2010,War
515001,2019,2010,Drama
5165,1960,1960,Drama
5165,1960,1960,Mystery
5165,1960,1960,Romance
51876,2011,2010,Thriller
51876,2011,2010,Mystery
51876,2011,2010,Science Fiction
522627,2020,2020,Action
522627,2020,2020,Comedy
522627,2020,2020,Crime
524,1995,1990,Crime
524,1995,1990,Drama
524047,2020,2020,Thriller
524047,2020,2020,Action
524047,2020,2020,Science Fiction
525,1980,1980,Music
525,1980,1980,Comedy
525,1980,1980,Crime
530915,2019,2010,War
530915,2019,2010,Drama
530915,2019,2010,History
5336,1976,1970,Horror
5336,1976,1970,Drama
535,1983,1980,Drama
535,1983,1980,Romance
539,1960,1960,Horror
539,1960,1960,Thriller
539,1960,1960,Mystery
544,1998,1990,Romance
544,1998,1990,Comedy
545609,2020,2020,Action
545609,2020,2020,Thriller
546554,2019,2010,Comedy
546554,2019,2010,Crime
546554,2019,2010,Mystery
547016,2020,2020,Action
547016,2020,2020,Fantasy
550,1999,1990,Drama
550,1999,1990,Thriller
5503,1993,1990,Action
5503,1993,1990,Thriller
5503,1993,1990,Drama
551,1972,1970,Adventure
551,1972,1970,Drama
551,1972,1970,Thriller
5511,1967,1960,Crime
5511,1967,1960,Thriller
5511,1967,1960,Drama
5548,1987,1980,Action
5548,1987,1980,Thriller
5548,1987,1980,Science Fiction
5549,1990,1990,Action
5549,1990,1990,Science Fiction
5549,1990,1990,Thriller
557,2002,2000,Action
557,2002,2000,Science Fiction
558,2004,2000,Action
558,2004,2000,Adventure
558,2004,2000,Science Fiction
559,2007,2000,Action
559,2007,2000,Adventure
559,2007,2000,Science Fiction
5590,1970,1970,Fantasy
5590,1970,1970,Comedy
5590,1970,1970,Music
5590,1970,1970,Romance
561,2005,2000,Fantasy
561,2005,2000,Action
561,2005,2000,Horror
562,1988,1980,Action
562,1988,1980,Thriller
56292,2011,2010,Action
56292,2011,2010,Thriller
56292,2011,2010,Adventure
563,1997,1990,Adventure
563,1997,1990,Action
563,1997,1990,Thriller
563,1997,1990,Science Fiction
564,1999,1990,Adventure
564,1999,1990,Action
564,1999,1990,Fantasy
565,2002,2000,Horror
565,2002,2000,Mystery
568,1995,1990,Drama
568,1995,1990,History
5689,1980,1980,Adventure
5689,1980,1980,Drama
5689,1980,1980,Romance
570670,2020,2020,Thriller
570670,2020,2020,Science Fiction
570670,2020,2020,Horror
571,1963,1960,Horror
571,1963,1960,Thriller
57158,2013,2010,Fantasy
57158,2013,2010,Adventure
57158,2013,2010,Action
573,1972,1970,Crime
573,1972,1970,Thriller
573,1972,1970,Horror
576,1969,1960,Western
577922,2020,2020,Action
577922,2020,2020,Thriller
577922,2020,2020,Science Fiction
578,1975,1970,Horror
578,1975,1970,Thriller
578,1975,1970,Adventure
5780,1966,1960,Thriller
579,1978,1970,Horror
579,1978,1970,Thriller
58,2006,2000,Adventure
58,2006,2000,Fantasy
58,2006,2000,Action
581,1990,1990,Adventure
581,1990,1990,Drama
581,1990,1990,Western
5825,1989,1980,Comedy
583,1979,1970,Comedy
583083,2020,2020,Comedy
583083,2020,2020,Romance
584,2003,2000,Action
584,2003,2000,Crime
584,2003,2000,Thriller
585,2001,2000,Animation
585,2001,2000,Comedy
585,2001,2000,Family
585,2001,2000,Fantasy
58574,2011,2010,Action
58574,2011,2010,Adventure
58574,2011,2010,Mystery
587,2003,2000,Adventure
587,2003,2000,Fantasy
587,2003,2000,Drama
5879,1976,1970,Drama
5879,1976,1970,Romance
5902,1977,1970,Drama
5902,1977,1970,History
5902,1977,1970,War
590223,2020,2020,Adventure
590223,2020,2020,Comedy
590223,2020,2020,Fantasy
591,2006,2000,Thriller
591,2006,2000,Mystery
5915,2007,2000,Adventure
5915,2007,2000,Drama
5916,1972,1970,Action
5916,1972,1970,Crime
5916,1972,1970,Thriller
5919,1974,1970,Action
5919,1974,1970,Drama
5919,1974,1970,Thriller
592,1974,1970,Crime
592,1974,1970,Drama
592,1974,1970,Mystery
5924,1973,1970,Crime
5924,1973,1970,Drama
5925,1963,1960,Adventure
5925,1963,1960,Drama
5925,1963,1960,War
593,1972,1970,Drama
593,1972,1970,Science Fiction
593,1972,1970,Mystery
594,2004,2000,Comedy
594,2004,2000,Drama
595,1962,1960,Drama
5967,1964,1960,Drama
5967,1964,1960,Romance
597,1997,1990,Drama
597,1997,1990,Romance
598,2002,2000,Drama
598,2002,2000,Crime
59967,2012,2010,Action
59967,2012,2010,Thriller
59967,2012,2010,Science Fiction
600,1987,1980,Drama
600,1987,1980,War
6003,1968,1960,Drama
6003,1968,1960,Romance
601,1982,1980,Adventure
601,1982,1980,Science Fiction
601,1982,1980,Family
602,1996,1990,Action
602,1996,1990,Adventure
602,1996,1990,Science Fiction
603,1999,1990,Action
603,1999,1990,Science Fiction
6037,1976,1970,Comedy
6037,1976,1970,Crime
6037,1976,1970,Mystery
604,2003,2000,Adventure
604,2003,2000,Action
604,2003,2000,Thriller
604,2003,2000,Science Fiction
605,2003,2000,Adventure
605,2003,2000,Action
605,2003,2000,Thriller
605,2003,2000,Science Fiction
607,1997,1990,Action
607,1997,1990,Adventure
607,1997,1990,Comedy
607,1997,1990,Science Fiction
6075,1993,1990,Crime
6075,1993,1990,Drama
6075,1993,1990,Thriller
608,2002,2000,Action
608,2002,2000,Comedy
608,2002,2000,Science Fiction
609,1982,1980,Horror
6114,1992,1990,Romance
6114,1992,1990,Horror
613504,2020,2020,Drama
613504,2020,2020,Romance
616,2003,2000,Drama
616,2003,2000,Action
616,2003,2000,War
61791,2011,2010,Thriller
61791,2011,2010,Action
61791,2011,2010,Drama
61791,2011,2010,Science Fiction
619,1992,1990,Action
619,1992,1990,Drama
619,1992,1990,Romance
62,1968,1960,Science Fiction
62,1968,1960,Mystery
62,1968,1960,Adventure
620,1984,1980,Comedy
620,1984,1980,Fantasy
621,1978,1970,Romance
621,1978,1970,Comedy
62177,2012,2010,Adventure
62177,2012,2010,Animation
62177,2012,2010,Family
62177,2012,2010,Fantasy
62211,2013,2010,Animation
62211,2013,2010,Family
62211,2013,2010,Comedy
62211,2013,2010,Fantasy
623,1988,1980,Comedy
623,1988,1980,Crime
624,1969,1960,Adventure
624,1969,1960,Drama
627,1996,1990,Drama
627,1996,1990,Crime
628,1994,1990,Horror
628,1994,1990,Drama
628,1994,1990,Fantasy
629,1995,1990,Drama
629,1995,1990,Crime
629,1995,1990,Thriller
63,1995,1990,Science Fiction
63,1995,1990,Thriller
63,1995,1990,Mystery
634,2001,2000,Comedy
634,2001,2000,Romance
634,2001,2000,Drama
635302,2020,2020,Animation
635302,2020,2020,Action
635302,2020,2020,Fantasy
636,1971,1970,Science Fiction
636,1971,1970,Drama
637,1997,1990,Comedy
637,1997,1990,Drama
639,1989,1980,Comedy
639,1989,1980,Romance
639,1989,1980,Drama
640,2002,2000,Drama
640,2002,2000,Crime
6404,1979,1970,Drama
6404,1979,1970,Horror
641,2000,2000,Crime
641,2000,2000,Drama
642,1969,1960,Western
644,2001,2000,Drama
644,2001,2000,Science Fiction
644,2001,2000,Adventure
646,1962,1960,Adventure
646,1962,1960,Action
646,1962,1960,Thriller
64682,2013,2010,Drama
64682,2013,2010,Romance
64688,2012,2010,Action
64688,2012,2010,Comedy
64688,2012,2010,Crime
64690,2011,2010,Drama
64690,2011,2010,Thriller
64690,2011,2010,Crime
6471,1979,1970,Comedy
6479,2007,2000,Drama
6479,2007,2000,Science Fiction
6479,2007,2000,Thriller
649,1967,1960,Drama
649,1967,1960,Romance
65,2002,2000,Drama
65,2002,2000,Music
650,1991,1990,Crime
650,1991,1990,Drama
651,1970,1970,Comedy
651,1970,1970,Drama
651,1970,1970,War
652,2004,2000,War
652,2004,2000,Action
652,2004,2000,History
655,1984,1980,Drama
657,1963,1960,Action
657,1963,1960,Thriller
657,1963,1960,Adventure
658,1964,1960,Adventure
658,1964,1960,Action
658,1964,1960,Thriller
660,1965,1960,Adventure
660,1965,1960,Action
660,1965,1960,Thriller
662,1962,1960,Drama
662,1962,1960,Romance
662,1962,1960,Science Fiction
664,1996,1990,Action
664,1996,1990,Adventure
664,1996,1990,Drama
6644,1966,1960,Western
6644,1966,1960,Drama
664413,2020,2020,Romance
664413,2020,2020,Drama
664413,2020,2020,Crime
667,1967,1960,Action
667,1967,1960,Thriller
667,1967,1960,Adventure
668,1969,1960,Adventure
668,1969,1960,Action
668,1969,1960,Thriller
670,2003,2000,Thriller
670,2003,2000,Mystery
671,2001,2000,Adventure
671,2001,2000,Fantasy
672,2002,2000,Adventure
672,2002,2000,Fantasy
673,2004,2000,Adventure
673,2004,2000,Fantasy
674,2005,2000,Adventure
674,2005,2000,Fantasy
675,2007,2000,Adventure
675,2007,2000,Fantasy
676,2001,2000,War
676,2001,2000,History
676,2001,2000,Drama
679,1986,1980,Action
679,1986,1980,Thriller
679,1986,1980,Science Fiction
68,1985,1980,Comedy
68,1985,1980,Science Fiction
680,1994,1990,Thriller
680,1994,1990,Crime
680,1994,1990,Comedy
681,1971,1970,Action
681,1971,1970,Thriller
682,1974,1970,Adventure
682,1974,1970,Action
682,1974,1970,Thriller
686,1997,1990,Drama
686,1997,1990,Science Fiction
686,1997,1990,Mystery
68718,2012,2010,Drama
68718,2012,2010,Western
68721,2013,2010,Action
68721,2013,2010,Adventure
68721,2013,2010,Science Fiction
68726,2013,2010,Action
68726,2013,2010,Science Fiction
68726,2013,2010,Adventure
68734,2012,2010,Drama
68734,2012,2010,Thriller
691,1977,1970,Adventure
691,1977,1970,Action
691,1977,1970,Thriller
6916,1974,1970,Action
6916,1974,1970,Comedy
694,1980,1980,Horror
694,1980,1980,Thriller
6957,2005,2000,Comedy
6957,2005,2000,Romance
696,1979,1970,Comedy
696,1979,1970,Drama
696,1979,1970,Romance
6977,2007,2000,Crime
6977,2007,2000,Thriller
6977,2007,2000,Western
6978,1986,1980,Action
6978,1986,1980,Adventure
6978,1986,1980,Comedy
6978,1986,1980,Fantasy
698,1979,1970,Action
698,1979,1970,Adventure
698,1979,1970,Thriller
698,1979,1970,Science Fiction
699,1981,1980,Adventure
699,1981,1980,Action
699,1981,1980,Thriller
70,2004,2000,Drama
700,1983,1980,Adventure
700,1983,1980,Action
700,1983,1980,Thriller
70160,2012,2010,Science Fiction
70160,2012,2010,Adventure
70160,2012,2010,Action
70160,2012,2010,Thriller
703,1977,1970,Comedy
703,1977,1970,Drama
703,1977,1970,Romance
704,1964,1960,Comedy
704,1964,1960,Music
707,1985,1980,Adventure
707,1985,1980,Action
707,1985,1980,Thriller
708,1987,1980,Action
708,1987,1980,Adventure
708,1987,1980,Thriller
709,1989,1980,Adventure
709,1989,1980,Action
709,1989,1980,Thriller
70981,2012,2010,Science Fiction
70981,2012,2010,Mystery
70981,2012,2010,Horror
710,1995,1990,Adventure
710,1995,1990,Action
710,1995,1990,Thriller
712,1994,1990,Comedy
712,1994,1990,Drama
712,1994,1990,Romance
7191,2008,2000,Action
7191,2008,2000,Thriller
7191,2008,2000,Science Fiction
72105,2012,2010,Comedy
72105,2012,2010,Fantasy
72190,2013,2010,Action
72190,2013,2010,Horror
72190,2013,2010,Science Fiction
73,1998,1990,Drama
7326,2007,2000,Comedy
7326,2007,2000,Drama
7326,2007,2000,Romance
7340,1976,1970,Horror
7340,1976,1970,Thriller
7345,2007,2000,Drama
74,2005,2000,Adventure
74,2005,2000,Thriller
74,2005,2000,Science Fiction
744,1986,1980,Action
744,1986,1980,Drama
744,1986,1980,Romance
7443,2000,2000,Animation
7443,2000,2000,Comedy
7443,2000,2000,Family
745,1999,1990,Mystery
745,1999,1990,Thriller
745,1999,1990,Drama
747,2004,2000,Horror
747,2004,2000,Comedy
75,1996,1990,Comedy
75,1996,1990,Fantasy
75,1996,1990,Science Fiction
752,2006,2000,Action
752,2006,2000,Thriller
752,2006,2000,Science Fiction
754,1997,1990,Action
754,1997,1990,Crime
754,1997,1990,Science Fiction
755,1996,1990,Horror
755,1996,1990,Action
755,1996,1990,Crime
75612,2013,2010,Action
75612,2013,2010,Science Fiction
75612,2013,2010,Adventure
75612,2013,2010,Mystery
75656,2013,2010,Thriller
75656,2013,2010,Crime
76,1995,1990,Drama
76,1995,1990,Romance
760,1973,1970,Comedy
761,1976,1970,Comedy
762,1975,1970,Adventure
762,1975,1970,Comedy
762,1975,1970,Fantasy
76203,2013,2010,Drama
76203,2013,2010,History
76338,2013,2010,Action
76338,2013,2010,Adventure
76338,2013,2010,Fantasy
76341,2015,2010,Action
76341,2015,2010,Adventure
76341,2015,2010,Science Fiction
764,1982,1980,Horror
76492,2012,2010,Animation
76492,2012,2010,Comedy
76492,2012,2010,Family
76492,2012,2010,Fantasy
765,1987,1980,Horror
765,1987,1980,Comedy
765,1987,1980,Fantasy
766,1992,1990,Fantasy
766,1992,1990,Horror
766,1992,1990,Comedy
767,2009,2000,Adventure
767,2009,2000,Fantasy
769,1990,1990,Drama
769,1990,1990,Crime
77,2000,2000,Mystery
77,2000,2000,Thriller
771,1990,1990,Comedy
771,1990,1990,Family
772,1992,1990,Comedy
772,1992,1990,Family
772,1992,1990,Adventure
773,2006,2000,Comedy
773,2006,2000,Drama
77338,2011,2010,Drama
77338,2011,2010,Comedy
78,1982,1980,Science Fiction
78,1982,1980,Drama
78,1982,1980,Thriller
782,1997,1990,Science Fiction
782,1997,1990,Drama
783,1982,1980,Drama
783,1982,1980,History
7857,1973,1970,Comedy
7857,1973,1970,Drama
787,2005,2000,Action
787,2005,2000,Comedy
787,2005,2000,Drama
787,2005,2000,Thriller
788,1993,1990,Comedy
788,1993,1990,Drama
788,1993,1990,Family
790,1980,1980,Horror
792,1986,1980,Drama
792,1986,1980,War
792,1986,1980,Action
793,1986,1980,Mystery
793,1986,1980,Thriller
793,1986,1980,Crime
794,1976,1970,Horror
794,1976,1970,Thriller
797,1966,1960,Drama
8009,1986,1980,Adventure
8009,1986,1980,Action
8009,1986,1980,Fantasy
801,1987,1980,Comedy
801,1987,1980,Drama
801,1987,1980,War
802,1962,1960,Drama
805,1968,1960,Drama
805,1968,1960,Horror
805,1968,1960,Thriller
8069,1968,1960,Science Fiction
8069,1968,1960,Adventure
8069,1968,1960,Comedy
807,1995,1990,Crime
807,1995,1990,Mystery
807,1995,1990,Thriller
8072,1965,1960,Drama
8072,1965,1960,Science Fiction
8072,1965,1960,Mystery
8073,1964,1960,Crime
8073,1964,1960,Drama
8073,1964,1960,Comedy
8077,1992,1990,Science Fiction
8077,1992,1990,Action
8077,1992,1990,Horror
8078,1997,1990,Science Fiction
8078,1997,1990,Horror
8078,1997,1990,Action
808,2001,2000,Animation
808,2001,2000,Comedy
808,2001,2000,Fantasy
808,2001,2000,Adventure
808,2001,2000,Family
809,2004,2000,Animation
809,2004,2000,Comedy
809,2004,2000,Family
809,2004,2000,Fantasy
809,2004,2000,Romance
8095,1963,1960,Drama
8095,1963,1960,History
8095,1963,1960,Romance
81,1984,1980,Adventure
81,1984,1980,Animation
81,1984,1980,Fantasy
810,2007,2000,Fantasy
810,2007,2000,Adventure
810,2007,2000,Animation
810,2007,2000,Comedy
810,2007,2000,Family
811,1972,1970,Adventure
811,1972,1970,Science Fiction
811,1972,1970,Drama
812,1992,1990,Animation
812,1992,1990,Family
812,1992,1990,Adventure
812,1992,1990,Fantasy
812,1992,1990,Romance
813,1980,1980,Comedy
814,1981,1980,Comedy
814,1981,1980,Horror
814,1981,1980,Fantasy
819,1996,1990,Crime
819,1996,1990,Drama
819,1996,1990,Thriller
820,1991,1990,Drama
820,1991,1990,Thriller
820,1991,1990,History
821,1961,1960,Drama
821,1961,1960,History
82690,2012,2010,Family
82690,2012,2010,Animation
82690,2012,2010,Comedy
82690,2012,2010,Adventure
82693,2012,2010,Drama
82693,2012,2010,Comedy
82693,2012,2010,Romance
829,1974,1970,Crime
829,1974,1970,Mystery
829,1974,1970,Thriller
8290,1966,1960,Comedy
8290,1966,1960,War
82992,2013,2010,Action
82992,2013,2010,Thriller
82992,2013,2010,Crime
8333,1974,1970,Crime
8333,1974,1970,Thriller
8333,1974,1970,Action
8337,1988,1980,Science Fiction
8337,1988,1980,Action
8337,1988,1980,Thriller
8348,1974,1970,Comedy
8348,1974,1970,Action
8348,1974,1970,Drama
8348,1974,1970,Adventure
8355,2009,2000,Animation
8355,2009,2000,Comedy
8355,2009,2000,Family
8355,2009,2000,Adventure
8358,2000,2000,Adventure
8358,2000,2000,Drama
8363,2007,2000,Comedy
8367,1991,1990,Action
8367,1991,1990,Adventure
8367,1991,1990,Drama
837,1983,1980,Horror
837,1983,1980,Science Fiction
837,1983,1980,Mystery
8373,2009,2000,Science Fiction
8373,2009,2000,Action
8373,2009,2000,Adventure
838,1973,1970,Comedy
838,1973,1970,Drama
839,1971,1970,Action
839,1971,1970,Thriller
839,1971,1970,TV Movie
8392,1988,1980,Fantasy
8392,1988,1980,Animation
8392,1988,1980,Family
8393,1980,1980,Action
8393,1980,1980,Comedy
840,1977,1970,Science Fiction
840,1977,1970,Drama
841,1984,1980,Action
841,1984,1980,Science Fiction
841,1984,1980,Adventure
8416,1971,1970,Drama
8422,1960,1960,Drama
8422,1960,1960,Romance
8422,1960,1960,Crime
8467,1994,1990,Comedy
8469,1978,1970,Comedy
847,1988,1980,Fantasy
847,1988,1980,Adventure
847,1988,1980,Action
8488,2005,2000,Comedy
8488,2005,2000,Drama
8488,2005,2000,Romance
84892,2012,2010,Drama
85,1981,1980,Adventure
85,1981,1980,Action
850,1983,1980,Comedy
850,1983,1980,Family
8536,1980,1980,Science Fiction
8536,1980,1980,Action
8536,1980,1980,Adventure
854,1994,1990,Comedy
854,1994,1990,Fantasy
854,1994,1990,Crime
854,1994,1990,Romance
855,2001,2000,Action
855,2001,2000,War
855,2001,2000,History
856,1988,1980,Fantasy
856,1988,1980,Animation
856,1988,1980,Comedy
856,1988,1980,Crime
857,1998,1990,War
857,1998,1990,Drama
857,1998,1990,History
858,1993,1990,Comedy
858,1993,1990,Drama
858,1993,1990,Romance
8587,1994,1990,Animation
8587,1994,1990,Family
8587,1994,1990,Drama
860,1983,1980,Drama
860,1983,1980,Science Fiction
860,1983,1980,Thriller
861,1990,1990,Action
861,1990,1990,Adventure
861,1990,1990,Science Fiction
862,1995,1990,Family
862,1995,1990,Comedy
862,1995,1990,Animation
862,1995,1990,Adventure
863,1999,1990,Animation
863,1999,1990,Comedy
863,1999,1990,Family
865,1987,1980,Action
865,1987,1980,Thriller
865,1987,1980,Science Fiction
8681,2008,2000,Action
8681,2008,2000,Thriller
8689,1980,1980,Horror
87,1984,1980,Adventure
87,1984,1980,Action
871,1968,1960,Science Fiction
871,1968,1960,Adventure
871,1968,1960,Drama
871,1968,1960,Action
873,1985,1980,Drama
873,1985,1980,History
874,1966,1960,Drama
874,1966,1960,History
8769,1983,1980,Horror
87827,2012,2010,Adventure
87827,2012,2010,Drama
879,1991,1990,Adventure
879,1991,1990,Fantasy
879,1991,1990,Comedy
879,1991,1990,Family
88,1987,1980,Drama
88,1987,1980,Music
88,1987,1980,Romance
881,1992,1990,Drama
8810,1981,1980,Action
8810,1981,1980,Thriller
8810,1981,1980,Science Fiction
8839,1995,1990,Fantasy
8839,1995,1990,Comedy
8839,1995,1990,Family
8844,1995,1990,Adventure
8844,1995,1990,Fantasy
8844,1995,1990,Family
8856,1986,1980,Adventure
8856,1986,1980,Drama
8856,1986,1980,Action
8856,1986,1980,Romance
8856,1986,1980,Family
8871,2000,2000,Family
8871,2000,2000,Comedy
8871,2000,2000,Fantasy
8872,1992,1990,Comedy
8872,1992,1990,Music
888,1994,1990,Fantasy
888,1994,1990,Comedy
888,1994,1990,Family
89,1989,1980,Adventure
89,1989,1980,Action
8909,2008,2000,Action
8909,2008,2000,Thriller
8909,2008,2000,Crime
891,1976,1970,Drama
891,1976,1970,Mystery
891,1976,1970,Thriller
8913,1989,1980,Horror
8916,1998,1990,Animation
8916,1998,1990,Comedy
8916,1998,1990,Family
892,1991,1990,Comedy
892,1991,1990,Science Fiction
892,1991,1990,Fantasy
895,1966,1960,Drama
895,1966,1960,History
8960,2008,2000,Fantasy
8960,2008,2000,Action
8966,2008,2000,Fantasy
8966,2008,2000,Drama
8966,2008,2000,Romance
90,1984,1980,Comedy
90,1984,1980,Crime
90,1984,1980,Action
9003,1987,1980,Horror
9003,1987,1980,Thriller
903,1967,1960,Drama
903,1967,1960,Crime
9040,1973,1970,Crime
9040,1973,1970,Drama
9040,1973,1970,History
9062,1970,1970,Romance
9062,1970,1970,Drama
907,1965,1960,Drama
907,1965,1960,Romance
907,1965,1960,War
9078,1963,1960,Animation
9078,1963,1960,Family
9078,1963,1960,Fantasy
912,1968,1960,Crime
912,1968,1960,Romance
916,1968,1960,Action
916,1968,1960,Crime
916,1968,1960,Thriller
920,2006,2000,Animation
920,2006,2000,Adventure
920,2006,2000,Comedy
920,2006,2000,Family
923,1978,1970,Horror
923,1978,1970,Science Fiction
925,1989,1980,Drama
927,1984,1980,Fantasy
927,1984,1980,Horror
927,1984,1980,Comedy
9273,1995,1990,Crime
9273,1995,1990,Comedy
9273,1995,1990,Adventure
9277,1973,1970,Comedy
9277,1973,1970,Crime
9277,1973,1970,Drama
928,1990,1990,Comedy
928,1990,1990,Horror
928,1990,1990,Fantasy
9281,1985,1980,Crime
9281,1985,1980,Drama
9281,1985,1980,Thriller
9289,1962,1960,War
9289,1962,1960,Action
9289,1962,1960,Drama
931,1973,1970,Thriller
931,1973,1970,Drama
931,1973,1970,Horror
9314,1984,1980,Drama
9314,1984,1980,Science Fiction
9314,1984,1980,Thriller
9317,1981,1980,Comedy
9317,1981,1980,Science Fiction
9319,1991,1990,Action
9319,1991,1990,Thriller
9322,1990,1990,Action
9322,1990,1990,Thriller
9325,1967,1960,Family
9325,1967,1960,Animation
9325,1967,1960,Adventure
9326,1984,1980,Romance
9326,1984,1980,Comedy
9326,1984,1980,Action
9326,1984,1980,Adventure
9327,1996,1990,Comedy
9327,1996,1990,Science Fiction
9327,1996,1990,Romance
9336,1984,1980,Comedy
9336,1984,1980,Crime
9339,2006,2000,Comedy
9339,2006,2000,Drama
9339,2006,2000,Fantasy
9340,1985,1980,Adventure
9340,1985,1980,Comedy
9340,1985,1980,Family
9342,1998,1990,Action
9342,1998,1990,Adventure
93456,2013,2010,Animation
93456,2013,2010,Comedy
93456,2013,2010,Family
93456,2013,2010,Science Fiction
9346,1983,1980,Romance
9346,1983,1980,Comedy
9346,1983,1980,Drama
935,1964,1960,Comedy
935,1964,1960,War
9350,1993,1990,Action
9350,1993,1990,Adventure
9350,1993,1990,Thriller
9354,1989,1980,Adventure
9354,1989,1980,Comedy
9354,1989,1980,Family
9354,1989,1980,Science Fiction
9355,1985,1980,Action
9355,1985,1980,Adventure
9355,1985,1980,Science Fiction
936,1963,1960,Comedy
936,1963,1960,Crime
9361,1992,1990,History
9361,1992,1990,War
9361,1992,1990,Drama
9362,1990,1990,Comedy
9362,1990,1990,Horror
9362,1990,1990,Science Fiction
9374,1992,1990,Comedy
9374,1992,1990,Fantasy
9374,1992,1990,Horror
9377,1986,1980,Comedy
938,1965,1960,Western
9385,1976,1970,Family
9385,1976,1970,Animation
9385,1976,1970,Comedy
9385,1976,1970,Adventure
9387,1982,1980,Adventure
9387,1982,1980,Fantasy
9387,1982,1980,Action
9390,1996,1990,Comedy
9390,1996,1990,Drama
9390,1996,1990,Romance
9394,1970,1970,Action
9394,1970,1970,Comedy
9394,1970,1970,Western
941,1987,1980,Action
941,1987,1980,Thriller
941,1987,1980,Crime
942,1989,1980,Action
942,1989,1980,Thriller
942,1989,1980,Crime
9426,1986,1980,Horror
9426,1986,1980,Science Fiction
943,1992,1990,Action
943,1992,1990,Thriller
943,1992,1990,Crime
9443,1981,1980,Drama
9443,1981,1980,History
9444,1997,1990,Animation
9444,1997,1990,Family
9444,1997,1990,Fantasy
9444,1997,1990,Adventure
9453,1979,1970,Drama
9453,1979,1970,History
9461,1973,1970,Action
9462,1972,1970,Action
9462,1972,1970,Crime
947,1962,1960,Adventure
947,1962,1960,History
947,1962,1960,War
9474,1973,1970,Comedy
9474,1973,1970,Western
9475,1992,1990,Drama
9479,1993,1990,Fantasy
9479,1993,1990,Animation
9479,1993,1990,Family
948,1978,1970,Horror
948,1978,1970,Thriller
9487,1998,1990,Adventure
9487,1998,1990,Animation
9487,1998,1990,Comedy
9487,1998,1990,Family
949,1995,1990,Crime
949,1995,1990,Drama
949,1995,1990,Action
9493,1988,1980,Comedy
9494,1989,1980,Comedy
9494,1989,1980,Romance
9495,1994,1990,Fantasy
9495,1994,1990,Action
9495,1994,1990,Thriller
95,1998,1990,Action
95,1998,1990,Science Fiction
95,1998,1990,Adventure
950,2006,2000,Animation
950,2006,2000,Family
950,2006,2000,Comedy
950,2006,2000,Adventure
9502,2008,2000,Action
9502,2008,2000,Animation
9502,2008,2000,Comedy
9502,2008,2000,Family
951,1990,1990,Comedy
953,2005,2000,Adventure
953,2005,2000,Animation
953,2005,2000,Comedy
953,2005,2000,Family
9531,1983,1980,Comedy
9531,1983,1980,Science Fiction
9531,1983,1980,Action
9531,1983,1980,Adventure
9532,2000,2000,Horror
9538,1981,1980,Science Fiction
9538,1981,1980,Horror
954,1996,1990,Adventure
954,1996,1990,Action
954,1996,1990,Thriller
955,2000,2000,Adventure
955,2000,2000,Action
955,2000,2000,Thriller
9552,1973,1970,Horror
956,2006,2000,Adventure
956,2006,2000,Action
956,2006,2000,Thriller
957,1987,1980,Comedy
957,1987,1980,Science Fiction
9576,1982,1980,Comedy
9576,1982,1980,Romance
9589,1981,1980,Drama
9593,1993,1990,Fantasy
9593,1993,1990,Action
9593,1993,1990,Comedy
9595,1991,1990,Action
9595,1991,1990,Comedy
9595,1991,1990,War
96,1987,1980,Action
96,1987,1980,Comedy
96,1987,1980,Crime
9602,1988,1980,Comedy
9602,1988,1980,Romance
9603,1995,1990,Comedy
9603,1995,1990,Romance
9610,1984,1980,Adventure
9610,1984,1980,Fantasy
9610,1984,1980,Action
9614,1996,1990,Comedy
9615,2006,2000,Action
9615,2006,2000,Crime
9615,2006,2000,Drama
9615,2006,2000,Thriller
9618,1989,1980,Action
9618,1989,1980,Crime
9618,1989,1980,Comedy
9618,1989,1980,Thriller
9654,2003,2000,Action
9654,2003,2000,Crime
9659,1979,1970,Action
9659,1979,1970,Thriller
9659,1979,1970,Science Fiction
966,1960,1960,Western
966,1960,1960,Action
966,1960,1960,Adventure
966,1960,1960,Drama
967,1960,1960,History
967,1960,1960,Drama
967,1960,1960,Adventure
9671,1986,1980,Adventure
9671,1986,1980,Comedy
9679,2000,2000,Action
9679,2000,2000,Crime
9679,2000,2000,Thriller
968,1975,1970,Crime
968,1975,1970,Drama
968,1975,1970,Thriller
9693,2006,2000,Science Fiction
9693,2006,2000,Thriller
9693,2006,2000,Action
97,1982,1980,Science Fiction
97,1982,1980,Action
97,1982,1980,Adventure
9725,1981,1980,Horror
9725,1981,1980,Thriller
9728,1982,1980,Horror
9728,1982,1980,Thriller
9732,1998,1990,Adventure
9732,1998,1990,Animation
9732,1998,1990,Drama
9732,1998,1990,Family
9732,1998,1990,Romance
9737,1995,1990,Action
9737,1995,1990,Comedy
9737,1995,1990,Crime
9737,1995,1990,Thriller
9738,2005,2000,Action
9738,2005,2000,Fantasy
9738,2005,2000,Science Fiction
9739,1993,1990,Crime
9739,1993,1990,Action
9739,1993,1990,Science Fiction
9741,2000,2000,Thriller
9741,2000,2000,Drama
9741,2000,2000,Mystery
9764,1975,1970,Adventure
9764,1975,1970,Drama
9798,1998,1990,Action
9798,1998,1990,Drama
9798,1998,1990,Thriller
9799,2001,2000,Action
9799,2001,2000,Crime
9799,2001,2000,Thriller
98,2000,2000,Action
98,2000,2000,Drama
98,2000,2000,Adventure
9800,1993,1990,Drama
9802,1996,1990,Action
9802,1996,1990,Adventure
9802,1996,1990,Thriller
9806,2004,2000,Action
9806,2004,2000,Adventure
9806,2004,2000,Animation
9806,2004,2000,Family
982,1962,1960,Thriller
982,1962,1960,Drama
9820,1998,1990,Comedy
9820,1998,1990,Family
9820,1998,1990,Romance
983,1975,1970,Adventure
983,1975,1970,Drama
9837,1998,1990,Adventure
9837,1998,1990,Animation
9837,1998,1990,Drama
9837,1998,1990,Family
984,1971,1970,Action
984,1971,1970,Crime
984,1971,1970,Thriller
985,1977,1970,Horror
985,1977,1970,Science Fiction
9874,1986,1980,Action
9874,1986,1980,Crime
9874,1986,1980,Thriller
990,1961,1960,Drama
990,1961,1960,Romance
9929,1968,1960,Family
9929,1968,1960,Animation
9929,1968,1960,Adventure
9929,1968,1960,Comedy
993,1972,1970,Thriller
993,1972,1970,Mystery
993,1972,1970,Crime
994,1971,1970,Thriller
994,1971,1970,Drama
994,1971,1970,Crime
9960,1963,1960,Drama
9960,1963,1960,Adventure
9960,1963,1960,Thriller
99861,2015,2010,Action
99861,2015,2010,Adventure
99861,2015,2010,Science Fiction
9994,1986,1980,Animation
9994,1986,1980,Family
9994,1986,1980,Mystery
9994,1986,1980,Crime
9994,1986,1980,Adventure
